session_id,variant,round,event_type,block_type,duration_ms,extra_key,extra_value
baseline_20260624_184127,baseline,0,ipfs_upload,GLOBAL,8756.0,,
baseline_20260624_184127,baseline,0,gas_estimate,GLOBAL,503.1,estimated_gas,226305
baseline_20260624_184127,baseline,0,gas_price_fetch,,204.5,fetched_gwei,6000000
baseline_20260624_184127,baseline,0,tx_send,GLOBAL,287.9,,
baseline_20260624_184127,baseline,0,tx_confirm,,1247.0,block_number,47759578
baseline_20260624_184127,baseline,0,chain_verify,,513.0,valid,True
baseline_20260624_184127,baseline,0,round_overhead,,2578.0,,
baseline_20260624_184127,baseline,1,ipfs_upload,LOCAL,3496.0,,
baseline_20260624_184127,baseline,1,gas_estimate,LOCAL,432.5,estimated_gas,270917
baseline_20260624_184127,baseline,1,gas_price_fetch,,204.2,fetched_gwei,6106085
baseline_20260624_184127,baseline,1,tx_send,LOCAL,303.7,,
baseline_20260624_184127,baseline,1,ipfs_upload,VOTE,789.0,,
baseline_20260624_184127,baseline,1,gas_estimate,VOTE,351.0,estimated_gas,265845
baseline_20260624_184127,baseline,1,gas_price_fetch,,190.8,fetched_gwei,6089881
baseline_20260624_184127,baseline,1,tx_send,VOTE,276.8,,
baseline_20260624_184127,baseline,1,ipfs_upload,GLOBAL,17827.0,,
baseline_20260624_184127,baseline,1,gas_estimate,GLOBAL,425.0,estimated_gas,251361
baseline_20260624_184127,baseline,1,gas_price_fetch,,189.2,fetched_gwei,6545582
baseline_20260624_184127,baseline,1,tx_send,GLOBAL,231.2,,
baseline_20260624_184127,baseline,1,tx_confirm,,113767.0,block_number,47759701
baseline_20260624_184127,baseline,1,tx_confirm,,112241.0,block_number,47759701
baseline_20260624_184127,baseline,1,tx_confirm,,525.0,block_number,47759757
baseline_20260624_184127,baseline,1,chain_verify,,553.0,valid,True
baseline_20260624_184127,baseline,1,round_overhead,,1494.0,,
baseline_20260624_184127,baseline,2,ipfs_upload,LOCAL,2983.0,,
baseline_20260624_184127,baseline,2,gas_estimate,LOCAL,600.5,estimated_gas,276201
baseline_20260624_184127,baseline,2,gas_price_fetch,,145.1,fetched_gwei,6112161
baseline_20260624_184127,baseline,2,tx_send,LOCAL,270.3,,
baseline_20260624_184127,baseline,2,ipfs_upload,VOTE,2392.0,,
baseline_20260624_184127,baseline,2,gas_estimate,VOTE,444.9,estimated_gas,270151
baseline_20260624_184127,baseline,2,gas_price_fetch,,165.1,fetched_gwei,6119542
baseline_20260624_184127,baseline,2,tx_send,VOTE,281.0,,
baseline_20260624_184127,baseline,2,ipfs_upload,GLOBAL,7512.0,,
baseline_20260624_184127,baseline,2,gas_estimate,GLOBAL,520.8,estimated_gas,251377
baseline_20260624_184127,baseline,2,gas_price_fetch,,195.3,fetched_gwei,6000000
baseline_20260624_184127,baseline,2,tx_send,GLOBAL,284.3,,
baseline_20260624_184127,baseline,2,tx_confirm,,69164.0,block_number,47759869
baseline_20260624_184127,baseline,2,tx_confirm,,65946.0,block_number,47759870
baseline_20260624_184127,baseline,2,tx_confirm,,435.0,block_number,47759903
baseline_20260624_184127,baseline,2,chain_verify,,598.0,valid,True
baseline_20260624_184127,baseline,2,round_overhead,,1551.0,,
baseline_20260624_184127,baseline,3,ipfs_upload,LOCAL,2096.0,,
baseline_20260624_184127,baseline,3,gas_estimate,LOCAL,536.8,estimated_gas,276246
baseline_20260624_184127,baseline,3,gas_price_fetch,,179.9,fetched_gwei,6000000
baseline_20260624_184127,baseline,3,tx_send,LOCAL,286.3,,
baseline_20260624_184127,baseline,3,ipfs_upload,VOTE,663.0,,
baseline_20260624_184127,baseline,3,gas_estimate,VOTE,463.8,estimated_gas,269883
baseline_20260624_184127,baseline,3,gas_price_fetch,,118.7,fetched_gwei,6000000
baseline_20260624_184127,baseline,3,tx_send,VOTE,303.0,,
baseline_20260624_184127,baseline,3,ipfs_upload,GLOBAL,3570.0,,
baseline_20260624_184127,baseline,3,gas_estimate,GLOBAL,409.0,estimated_gas,251392
baseline_20260624_184127,baseline,3,gas_price_fetch,,109.3,fetched_gwei,6000000
baseline_20260624_184127,baseline,3,tx_send,GLOBAL,283.0,,
baseline_20260624_184127,baseline,3,tx_confirm,,59379.0,block_number,47760017
baseline_20260624_184127,baseline,3,tx_confirm,,57754.0,block_number,47760018
baseline_20260624_184127,baseline,3,tx_confirm,,424.0,block_number,47760047
baseline_20260624_184127,baseline,3,chain_verify,,419.0,valid,True
baseline_20260624_184127,baseline,3,round_overhead,,1342.0,,
baseline_20260624_184127,baseline,4,ipfs_upload,LOCAL,3710.0,,
baseline_20260624_184127,baseline,4,gas_estimate,LOCAL,354.1,estimated_gas,276186
baseline_20260624_184127,baseline,4,gas_price_fetch,,116.3,fetched_gwei,6003951
baseline_20260624_184127,baseline,4,tx_send,LOCAL,288.5,,
baseline_20260624_184127,baseline,4,ipfs_upload,VOTE,759.0,,
baseline_20260624_184127,baseline,4,gas_estimate,VOTE,336.8,estimated_gas,269823
baseline_20260624_184127,baseline,4,gas_price_fetch,,116.5,fetched_gwei,6000000
baseline_20260624_184127,baseline,4,tx_send,VOTE,232.4,,
baseline_20260624_184127,baseline,4,ipfs_upload,GLOBAL,12259.0,,
baseline_20260624_184127,baseline,4,gas_estimate,GLOBAL,512.4,estimated_gas,251377
baseline_20260624_184127,baseline,4,gas_price_fetch,,117.5,fetched_gwei,6094016
baseline_20260624_184127,baseline,4,tx_send,GLOBAL,270.7,,
baseline_20260624_184127,baseline,4,tx_confirm,,74163.0,block_number,47760164
baseline_20260624_184127,baseline,4,tx_confirm,,72735.0,block_number,47760165
baseline_20260624_184127,baseline,4,tx_confirm,,412.0,block_number,47760201
baseline_20260624_184127,baseline,4,chain_verify,,530.0,valid,True
baseline_20260624_184127,baseline,4,round_overhead,,1436.0,,
baseline_20260624_184127,baseline,5,ipfs_upload,LOCAL,1870.0,,
baseline_20260624_184127,baseline,5,gas_estimate,LOCAL,416.3,estimated_gas,276261
baseline_20260624_184127,baseline,5,gas_price_fetch,,162.9,fetched_gwei,6000000
baseline_20260624_184127,baseline,5,tx_send,LOCAL,300.5,,
baseline_20260624_184127,baseline,5,ipfs_upload,VOTE,2198.0,,
baseline_20260624_184127,baseline,5,gas_estimate,VOTE,466.4,estimated_gas,270211
baseline_20260624_184127,baseline,5,gas_price_fetch,,202.8,fetched_gwei,6003263
baseline_20260624_184127,baseline,5,tx_send,VOTE,288.9,,
baseline_20260624_184127,baseline,5,ipfs_upload,GLOBAL,11718.0,,
baseline_20260624_184127,baseline,5,gas_estimate,GLOBAL,410.5,estimated_gas,251377
baseline_20260624_184127,baseline,5,gas_price_fetch,,117.0,fetched_gwei,6000000
baseline_20260624_184127,baseline,5,tx_send,GLOBAL,303.9,,
baseline_20260624_184127,baseline,5,tx_confirm,,75575.0,block_number,47760314
baseline_20260624_184127,baseline,5,tx_confirm,,72502.0,block_number,47760316
baseline_20260624_184127,baseline,5,tx_confirm,,613.0,block_number,47760352
baseline_20260624_184127,baseline,5,chain_verify,,464.0,valid,True
baseline_20260624_184127,baseline,5,round_overhead,,1638.0,,
baseline_20260624_184127,baseline,6,ipfs_upload,LOCAL,3132.0,,
baseline_20260624_184127,baseline,6,gas_estimate,LOCAL,615.7,estimated_gas,276201
baseline_20260624_184127,baseline,6,gas_price_fetch,,202.9,fetched_gwei,6000000
baseline_20260624_184127,baseline,6,tx_send,LOCAL,302.1,,
baseline_20260624_184127,baseline,6,ipfs_upload,VOTE,2144.0,,
baseline_20260624_184127,baseline,6,gas_estimate,VOTE,431.2,estimated_gas,269868
baseline_20260624_184127,baseline,6,gas_price_fetch,,118.5,fetched_gwei,6000000
baseline_20260624_184127,baseline,6,tx_send,VOTE,301.6,,
baseline_20260624_184127,baseline,6,ipfs_upload,GLOBAL,6381.0,,
baseline_20260624_184127,baseline,6,gas_estimate,GLOBAL,510.4,estimated_gas,251377
baseline_20260624_184127,baseline,6,gas_price_fetch,,118.2,fetched_gwei,6000000
baseline_20260624_184127,baseline,6,tx_send,GLOBAL,226.3,,
baseline_20260624_184127,baseline,6,tx_confirm,,66049.0,block_number,47760464
baseline_20260624_184127,baseline,6,tx_confirm,,63022.0,block_number,47760465
baseline_20260624_184127,baseline,6,tx_confirm,,450.0,block_number,47760497
baseline_20260624_184127,baseline,6,chain_verify,,460.0,valid,True
baseline_20260624_184127,baseline,6,round_overhead,,1499.0,,
baseline_20260624_184127,baseline,7,ipfs_upload,LOCAL,3605.0,,
baseline_20260624_184127,baseline,7,gas_estimate,LOCAL,464.3,estimated_gas,276201
baseline_20260624_184127,baseline,7,gas_price_fetch,,135.8,fetched_gwei,6000000
baseline_20260624_184127,baseline,7,tx_send,LOCAL,302.2,,
baseline_20260624_184127,baseline,7,ipfs_upload,VOTE,924.0,,
baseline_20260624_184127,baseline,7,gas_estimate,VOTE,514.2,estimated_gas,270317
baseline_20260624_184127,baseline,7,gas_price_fetch,,201.7,fetched_gwei,6000000
baseline_20260624_184127,baseline,7,tx_send,VOTE,302.9,,
baseline_20260624_184127,baseline,7,ipfs_upload,GLOBAL,14923.0,,
baseline_20260624_184127,baseline,7,gas_estimate,GLOBAL,503.0,estimated_gas,251346
baseline_20260624_184127,baseline,7,gas_price_fetch,,194.5,fetched_gwei,6000000
baseline_20260624_184127,baseline,7,tx_send,GLOBAL,292.8,,
baseline_20260624_184127,baseline,7,tx_confirm,,77514.0,block_number,47760612
baseline_20260624_184127,baseline,7,tx_confirm,,75567.0,block_number,47760613
baseline_20260624_184127,baseline,7,tx_confirm,,574.0,block_number,47760651
baseline_20260624_184127,baseline,7,chain_verify,,553.0,valid,True
baseline_20260624_184127,baseline,7,round_overhead,,1692.0,,
baseline_20260624_184127,baseline,8,ipfs_upload,LOCAL,3594.0,,
baseline_20260624_184127,baseline,8,gas_estimate,LOCAL,510.8,estimated_gas,276201
baseline_20260624_184127,baseline,8,gas_price_fetch,,117.7,fetched_gwei,6000000
baseline_20260624_184127,baseline,8,tx_send,LOCAL,272.2,,
baseline_20260624_184127,baseline,8,ipfs_upload,VOTE,2151.0,,
baseline_20260624_184127,baseline,8,gas_estimate,VOTE,528.6,estimated_gas,270151
baseline_20260624_184127,baseline,8,gas_price_fetch,,186.6,fetched_gwei,6016877
baseline_20260624_184127,baseline,8,tx_send,VOTE,243.7,,
baseline_20260624_184127,baseline,8,ipfs_upload,GLOBAL,7068.0,,
baseline_20260624_184127,baseline,8,gas_estimate,GLOBAL,397.2,estimated_gas,251377
baseline_20260624_184127,baseline,8,gas_price_fetch,,163.5,fetched_gwei,6000000
baseline_20260624_184127,baseline,8,tx_send,GLOBAL,234.3,,
baseline_20260624_184127,baseline,8,tx_confirm,,62179.0,block_number,47760766
baseline_20260624_184127,baseline,8,tx_confirm,,59007.0,block_number,47760767
baseline_20260624_184127,baseline,8,tx_confirm,,353.0,block_number,47760797
baseline_20260624_184127,baseline,8,chain_verify,,372.0,valid,True
baseline_20260624_184127,baseline,8,round_overhead,,1278.0,,
baseline_20260624_184127,baseline,9,ipfs_upload,LOCAL,2237.0,,
baseline_20260624_184127,baseline,9,gas_estimate,LOCAL,617.9,estimated_gas,276276
baseline_20260624_184127,baseline,9,gas_price_fetch,,202.4,fetched_gwei,6000000
baseline_20260624_184127,baseline,9,tx_send,LOCAL,239.9,,
baseline_20260624_184127,baseline,9,ipfs_upload,VOTE,2316.0,,
baseline_20260624_184127,baseline,9,gas_estimate,VOTE,425.0,estimated_gas,270241
baseline_20260624_184127,baseline,9,gas_price_fetch,,188.1,fetched_gwei,6000000
baseline_20260624_184127,baseline,9,tx_send,VOTE,287.1,,
baseline_20260624_184127,baseline,9,ipfs_upload,GLOBAL,6218.0,,
baseline_20260624_184127,baseline,9,gas_estimate,GLOBAL,435.2,estimated_gas,251377
baseline_20260624_184127,baseline,9,gas_price_fetch,,203.7,fetched_gwei,6000000
baseline_20260624_184127,baseline,9,tx_send,GLOBAL,304.0,,
baseline_20260624_184127,baseline,9,tx_confirm,,62960.0,block_number,47760916
baseline_20260624_184127,baseline,9,tx_confirm,,59802.0,block_number,47760918
baseline_20260624_184127,baseline,9,tx_confirm,,427.0,block_number,47760948
baseline_20260624_184127,baseline,9,chain_verify,,495.0,valid,True
baseline_20260624_184127,baseline,9,round_overhead,,1579.0,,
baseline_20260624_184127,baseline,10,ipfs_upload,LOCAL,3083.0,,
baseline_20260624_184127,baseline,10,gas_estimate,LOCAL,525.0,estimated_gas,276261
baseline_20260624_184127,baseline,10,gas_price_fetch,,190.8,fetched_gwei,6000000
baseline_20260624_184127,baseline,10,tx_send,LOCAL,300.5,,
baseline_20260624_184127,baseline,10,ipfs_upload,VOTE,2458.0,,
baseline_20260624_184127,baseline,10,gas_estimate,VOTE,408.1,estimated_gas,269898
baseline_20260624_184127,baseline,10,gas_price_fetch,,144.1,fetched_gwei,6000000
baseline_20260624_184127,baseline,10,tx_send,VOTE,300.9,,
baseline_20260624_184127,baseline,10,ipfs_upload,GLOBAL,7518.0,,
baseline_20260624_184127,baseline,10,gas_estimate,GLOBAL,435.2,estimated_gas,251392
baseline_20260624_184127,baseline,10,gas_price_fetch,,178.6,fetched_gwei,6000000
baseline_20260624_184127,baseline,10,tx_send,GLOBAL,303.1,,
baseline_20260624_184127,baseline,10,tx_confirm,,63590.0,block_number,47761062
baseline_20260624_184127,baseline,10,tx_confirm,,60228.0,block_number,47761063
baseline_20260624_184127,baseline,10,tx_confirm,,513.0,block_number,47761093
baseline_20260624_184127,baseline,10,chain_verify,,614.0,valid,True
baseline_20260624_184127,baseline,10,round_overhead,,1639.0,,
baseline_20260624_184127,baseline,10,chain_verify,,610.0,valid,True
baseline_20260624_202221,baseline,0,ipfs_upload,GLOBAL,9169.0,,
baseline_20260624_202221,baseline,0,gas_estimate,GLOBAL,468.2,estimated_gas,226290
baseline_20260624_202221,baseline,0,gas_price_fetch,,146.3,fetched_gwei,6000000
baseline_20260624_202221,baseline,0,tx_send,GLOBAL,210.1,,
baseline_20260624_202221,baseline,0,tx_confirm,,107.0,block_number,47762605
baseline_20260624_202221,baseline,0,chain_verify,,404.0,valid,True
baseline_20260624_202221,baseline,0,round_overhead,,1337.0,,
baseline_20260624_202221,baseline,1,ipfs_upload,LOCAL,3166.0,,
baseline_20260624_202221,baseline,1,gas_estimate,LOCAL,335.4,estimated_gas,276231
baseline_20260624_202221,baseline,1,gas_price_fetch,,176.4,fetched_gwei,6000000
baseline_20260624_202221,baseline,1,tx_send,LOCAL,296.3,,
baseline_20260624_202221,baseline,1,ipfs_upload,VOTE,2157.0,,
baseline_20260624_202221,baseline,1,gas_estimate,VOTE,313.5,estimated_gas,269868
baseline_20260624_202221,baseline,1,gas_price_fetch,,104.8,fetched_gwei,6000000
baseline_20260624_202221,baseline,1,tx_send,VOTE,304.2,,
baseline_20260624_202221,baseline,1,ipfs_upload,GLOBAL,7779.0,,
baseline_20260624_202221,baseline,1,gas_estimate,GLOBAL,304.3,estimated_gas,251346
baseline_20260624_202221,baseline,1,gas_price_fetch,,205.2,fetched_gwei,6000000
baseline_20260624_202221,baseline,1,tx_send,GLOBAL,294.9,,
baseline_20260624_202221,baseline,1,tx_confirm,,65351.0,block_number,47762720
baseline_20260624_202221,baseline,1,tx_confirm,,62476.0,block_number,47762722
baseline_20260624_202221,baseline,1,tx_confirm,,513.0,block_number,47762753
baseline_20260624_202221,baseline,1,chain_verify,,514.0,valid,True
baseline_20260624_202221,baseline,1,round_overhead,,1433.0,,
baseline_20260624_202221,baseline,2,ipfs_upload,LOCAL,3455.0,,
baseline_20260624_202221,baseline,2,gas_estimate,LOCAL,513.6,estimated_gas,276216
baseline_20260624_202221,baseline,2,gas_price_fetch,,190.2,fetched_gwei,6274626
baseline_20260624_202221,baseline,2,tx_send,LOCAL,304.4,,
baseline_20260624_202221,baseline,2,ipfs_upload,VOTE,819.0,,
baseline_20260624_202221,baseline,2,gas_estimate,VOTE,405.5,estimated_gas,270136
baseline_20260624_202221,baseline,2,gas_price_fetch,,205.2,fetched_gwei,6274626
baseline_20260624_202221,baseline,2,tx_send,VOTE,302.9,,
baseline_20260624_202221,baseline,2,ipfs_upload,GLOBAL,6607.0,,
baseline_20260624_202221,baseline,2,gas_estimate,GLOBAL,403.6,estimated_gas,251392
baseline_20260624_202221,baseline,2,gas_price_fetch,,155.5,fetched_gwei,6953925
baseline_20260624_202221,baseline,2,tx_send,GLOBAL,255.4,,
baseline_20260624_202221,baseline,2,tx_confirm,,69124.0,block_number,47762868
baseline_20260624_202221,baseline,2,tx_confirm,,67289.0,block_number,47762869
baseline_20260624_202221,baseline,2,tx_confirm,,367.0,block_number,47762903
baseline_20260624_202221,baseline,2,chain_verify,,604.0,valid,True
baseline_20260624_202221,baseline,2,round_overhead,,1330.0,,
baseline_20260624_202221,baseline,3,ipfs_upload,LOCAL,3640.0,,
baseline_20260624_202221,baseline,3,gas_estimate,LOCAL,513.0,estimated_gas,276246
baseline_20260624_202221,baseline,3,gas_price_fetch,,161.8,fetched_gwei,15587427
baseline_20260624_202221,baseline,3,tx_send,LOCAL,405.9,,
baseline_20260624_202221,baseline,3,ipfs_upload,VOTE,2354.0,,
baseline_20260624_202221,baseline,3,gas_estimate,VOTE,412.0,estimated_gas,270196
baseline_20260624_202221,baseline,3,gas_price_fetch,,99.3,fetched_gwei,15912571
baseline_20260624_202221,baseline,3,tx_send,VOTE,302.9,,
baseline_20260624_202221,baseline,3,ipfs_upload,GLOBAL,9177.0,,
baseline_20260624_202221,baseline,3,gas_estimate,GLOBAL,309.4,estimated_gas,251377
baseline_20260624_202221,baseline,3,gas_price_fetch,,201.5,fetched_gwei,17151448
baseline_20260624_202221,baseline,3,tx_send,GLOBAL,276.8,,
baseline_20260624_202221,baseline,3,tx_confirm,,68612.0,block_number,47763019
baseline_20260624_202221,baseline,3,tx_confirm,,65438.0,block_number,47763020
baseline_20260624_202221,baseline,3,tx_confirm,,614.0,block_number,47763053
baseline_20260624_202221,baseline,3,chain_verify,,471.0,valid,True
baseline_20260624_202221,baseline,3,round_overhead,,1536.0,,
baseline_20260624_202221,baseline,4,ipfs_upload,LOCAL,3405.0,,
baseline_20260624_202221,baseline,4,gas_estimate,LOCAL,441.4,estimated_gas,276246
baseline_20260624_202221,baseline,4,gas_price_fetch,,175.7,fetched_gwei,11413378
baseline_20260624_202221,baseline,4,tx_send,LOCAL,300.2,,
baseline_20260624_202221,baseline,4,ipfs_upload,VOTE,819.0,,
baseline_20260624_202221,baseline,4,gas_estimate,VOTE,413.4,estimated_gas,270211
baseline_20260624_202221,baseline,4,gas_price_fetch,,105.8,fetched_gwei,11394040
baseline_20260624_202221,baseline,4,tx_send,VOTE,303.6,,
baseline_20260624_202221,baseline,4,ipfs_upload,GLOBAL,19222.0,,
baseline_20260624_202221,baseline,4,gas_estimate,GLOBAL,409.2,estimated_gas,251377
baseline_20260624_202221,baseline,4,gas_price_fetch,,145.9,fetched_gwei,13777551
baseline_20260624_202221,baseline,4,tx_send,GLOBAL,213.8,,
baseline_20260624_202221,baseline,4,tx_confirm,,90346.0,block_number,47763170
baseline_20260624_202221,baseline,4,tx_confirm,,88678.0,block_number,47763171
baseline_20260624_202221,baseline,4,tx_confirm,,398.0,block_number,47763215
baseline_20260624_202221,baseline,4,chain_verify,,613.0,valid,True
baseline_20260624_202221,baseline,4,round_overhead,,1333.0,,
baseline_20260624_202221,baseline,5,ipfs_upload,LOCAL,2008.0,,
baseline_20260624_202221,baseline,5,gas_estimate,LOCAL,409.4,estimated_gas,276216
baseline_20260624_202221,baseline,5,gas_price_fetch,,103.5,fetched_gwei,40767650
baseline_20260624_202221,baseline,5,tx_send,LOCAL,302.9,,
baseline_20260624_202221,baseline,5,ipfs_upload,VOTE,819.0,,
baseline_20260624_202221,baseline,5,gas_estimate,VOTE,433.0,estimated_gas,269883
baseline_20260624_202221,baseline,5,gas_price_fetch,,180.1,fetched_gwei,40744987
baseline_20260624_202221,baseline,5,tx_send,VOTE,304.4,,
baseline_20260624_202221,baseline,5,ipfs_upload,GLOBAL,12194.0,,
baseline_20260624_202221,baseline,5,gas_estimate,GLOBAL,413.7,estimated_gas,251392
baseline_20260624_202221,baseline,5,gas_price_fetch,,199.4,fetched_gwei,43326698
baseline_20260624_202221,baseline,5,tx_send,GLOBAL,270.4,,
baseline_20260624_202221,baseline,5,tx_confirm,,69328.0,block_number,47763336
baseline_20260624_202221,baseline,5,tx_confirm,,67587.0,block_number,47763337
baseline_20260624_202221,baseline,5,tx_confirm,,543.0,block_number,47763370
baseline_20260624_202221,baseline,5,chain_verify,,614.0,valid,True
baseline_20260624_202221,baseline,5,round_overhead,,1536.0,,
baseline_20260624_202221,baseline,6,ipfs_upload,LOCAL,3376.0,,
baseline_20260624_202221,baseline,6,gas_estimate,LOCAL,409.7,estimated_gas,276246
baseline_20260624_202221,baseline,6,gas_price_fetch,,104.6,fetched_gwei,27064324
baseline_20260624_202221,baseline,6,tx_send,LOCAL,248.9,,
baseline_20260624_202221,baseline,6,ipfs_upload,VOTE,835.0,,
baseline_20260624_202221,baseline,6,gas_estimate,VOTE,402.4,estimated_gas,269913
baseline_20260624_202221,baseline,6,gas_price_fetch,,104.4,fetched_gwei,26908860
baseline_20260624_202221,baseline,6,tx_send,VOTE,302.9,,
baseline_20260624_202221,baseline,6,ipfs_upload,GLOBAL,4628.0,,
baseline_20260624_202221,baseline,6,gas_estimate,GLOBAL,411.8,estimated_gas,251377
baseline_20260624_202221,baseline,6,gas_price_fetch,,105.6,fetched_gwei,23510175
baseline_20260624_202221,baseline,6,tx_send,GLOBAL,303.7,,
baseline_20260624_202221,baseline,6,tx_confirm,,66665.0,block_number,47763485
baseline_20260624_202221,baseline,6,tx_confirm,,65027.0,block_number,47763486
baseline_20260624_202221,baseline,6,tx_confirm,,613.0,block_number,47763518
baseline_20260624_202221,baseline,6,chain_verify,,521.0,valid,True
baseline_20260624_202221,baseline,6,round_overhead,,1639.0,,
baseline_20260624_202221,baseline,7,ipfs_upload,LOCAL,3121.0,,
baseline_20260624_202221,baseline,7,gas_estimate,LOCAL,409.1,estimated_gas,276231
baseline_20260624_202221,baseline,7,gas_price_fetch,,166.3,fetched_gwei,15778416
baseline_20260624_202221,baseline,7,tx_send,LOCAL,303.1,,
baseline_20260624_202221,baseline,7,ipfs_upload,VOTE,2354.0,,
baseline_20260624_202221,baseline,7,gas_estimate,VOTE,410.3,estimated_gas,269868
baseline_20260624_202221,baseline,7,gas_price_fetch,,163.9,fetched_gwei,15708105
baseline_20260624_202221,baseline,7,tx_send,VOTE,270.6,,
baseline_20260624_202221,baseline,7,ipfs_upload,GLOBAL,6395.0,,
baseline_20260624_202221,baseline,7,gas_estimate,GLOBAL,411.0,estimated_gas,251377
baseline_20260624_202221,baseline,7,gas_price_fetch,,204.0,fetched_gwei,15356757
baseline_20260624_202221,baseline,7,tx_send,GLOBAL,276.1,,
baseline_20260624_202221,baseline,7,tx_confirm,,62981.0,block_number,47763633
baseline_20260624_202221,baseline,7,tx_confirm,,59743.0,block_number,47763635
baseline_20260624_202221,baseline,7,tx_confirm,,434.0,block_number,47763665
baseline_20260624_202221,baseline,7,chain_verify,,510.0,valid,True
baseline_20260624_202221,baseline,7,round_overhead,,1537.0,,
baseline_20260624_202221,baseline,8,ipfs_upload,LOCAL,3296.0,,
baseline_20260624_202221,baseline,8,gas_estimate,LOCAL,419.6,estimated_gas,276231
baseline_20260624_202221,baseline,8,gas_price_fetch,,190.4,fetched_gwei,12850119
baseline_20260624_202221,baseline,8,tx_send,LOCAL,303.6,,
baseline_20260624_202221,baseline,8,ipfs_upload,VOTE,1025.0,,
baseline_20260624_202221,baseline,8,gas_estimate,VOTE,434.3,estimated_gas,270332
baseline_20260624_202221,baseline,8,gas_price_fetch,,177.7,fetched_gwei,12808975
baseline_20260624_202221,baseline,8,tx_send,VOTE,276.4,,
baseline_20260624_202221,baseline,8,ipfs_upload,GLOBAL,7180.0,,
baseline_20260624_202221,baseline,8,gas_estimate,GLOBAL,434.0,estimated_gas,251377
baseline_20260624_202221,baseline,8,gas_price_fetch,,133.4,fetched_gwei,11905176
baseline_20260624_202221,baseline,8,tx_send,GLOBAL,220.2,,
baseline_20260624_202221,baseline,8,tx_confirm,,64204.0,block_number,47763781
baseline_20260624_202221,baseline,8,tx_confirm,,62361.0,block_number,47763782
baseline_20260624_202221,baseline,8,tx_confirm,,489.0,block_number,47763813
baseline_20260624_202221,baseline,8,chain_verify,,509.0,valid,True
baseline_20260624_202221,baseline,8,round_overhead,,1390.0,,
baseline_20260624_202221,baseline,9,ipfs_upload,LOCAL,4117.0,,
baseline_20260624_202221,baseline,9,gas_estimate,LOCAL,422.6,estimated_gas,276141
baseline_20260624_202221,baseline,9,gas_price_fetch,,192.2,fetched_gwei,8235406
baseline_20260624_202221,baseline,9,tx_send,LOCAL,221.7,,
baseline_20260624_202221,baseline,9,ipfs_upload,VOTE,2193.0,,
baseline_20260624_202221,baseline,9,gas_estimate,VOTE,329.1,estimated_gas,269838
baseline_20260624_202221,baseline,9,gas_price_fetch,,198.8,fetched_gwei,8311659
baseline_20260624_202221,baseline,9,tx_send,VOTE,286.9,,
baseline_20260624_202221,baseline,9,ipfs_upload,GLOBAL,8696.0,,
baseline_20260624_202221,baseline,9,gas_estimate,GLOBAL,360.1,estimated_gas,251392
baseline_20260624_202221,baseline,9,gas_price_fetch,,105.8,fetched_gwei,8367866
baseline_20260624_202221,baseline,9,tx_send,GLOBAL,238.0,,
baseline_20260624_202221,baseline,9,tx_confirm,,68054.0,block_number,47763929
baseline_20260624_202221,baseline,9,tx_confirm,,65141.0,block_number,47763930
baseline_20260624_202221,baseline,9,tx_confirm,,615.0,block_number,47763963
baseline_20260624_202221,baseline,9,chain_verify,,495.0,valid,True
baseline_20260624_202221,baseline,9,round_overhead,,1486.0,,
baseline_20260624_202221,baseline,10,ipfs_upload,LOCAL,3192.0,,
baseline_20260624_202221,baseline,10,gas_estimate,LOCAL,463.6,estimated_gas,276201
baseline_20260624_202221,baseline,10,gas_price_fetch,,108.1,fetched_gwei,6093414
baseline_20260624_202221,baseline,10,tx_send,LOCAL,302.9,,
baseline_20260624_202221,baseline,10,ipfs_upload,VOTE,819.0,,
baseline_20260624_202221,baseline,10,gas_estimate,VOTE,389.6,estimated_gas,270196
baseline_20260624_202221,baseline,10,gas_price_fetch,,118.5,fetched_gwei,6073282
baseline_20260624_202221,baseline,10,tx_send,VOTE,304.6,,
baseline_20260624_202221,baseline,10,ipfs_upload,GLOBAL,8072.0,,
baseline_20260624_202221,baseline,10,gas_estimate,GLOBAL,385.2,estimated_gas,251392
baseline_20260624_202221,baseline,10,gas_price_fetch,,126.7,fetched_gwei,6000000
baseline_20260624_202221,baseline,10,tx_send,GLOBAL,300.1,,
baseline_20260624_202221,baseline,10,tx_confirm,,65025.0,block_number,47764078
baseline_20260624_202221,baseline,10,tx_confirm,,63469.0,block_number,47764079
baseline_20260624_202221,baseline,10,tx_confirm,,399.0,block_number,47764110
baseline_20260624_202221,baseline,10,chain_verify,,334.0,valid,True
baseline_20260624_202221,baseline,10,round_overhead,,1321.0,,
baseline_20260624_202221,baseline,10,chain_verify,,506.0,valid,True
baseline_20260624_215747,baseline,0,ipfs_upload,GLOBAL,12970.0,,
baseline_20260624_215747,baseline,0,gas_estimate,GLOBAL,349.2,estimated_gas,226320
baseline_20260624_215747,baseline,0,gas_price_fetch,,163.8,fetched_gwei,119540500
baseline_20260624_215747,baseline,0,tx_send,GLOBAL,297.2,,
baseline_20260624_215747,baseline,0,tx_confirm,,209.0,block_number,47765469
baseline_20260624_215747,baseline,0,chain_verify,,508.0,valid,True
baseline_20260624_215747,baseline,0,round_overhead,,1335.0,,
baseline_20260624_215747,baseline,1,ipfs_upload,LOCAL,3216.0,,
baseline_20260624_215747,baseline,1,gas_estimate,LOCAL,408.5,estimated_gas,276171
baseline_20260624_215747,baseline,1,gas_price_fetch,,132.4,fetched_gwei,87212642
baseline_20260624_215747,baseline,1,tx_send,LOCAL,302.3,,
baseline_20260624_215747,baseline,1,ipfs_upload,VOTE,921.0,,
baseline_20260624_215747,baseline,1,gas_estimate,VOTE,411.2,estimated_gas,270121
baseline_20260624_215747,baseline,1,gas_price_fetch,,203.3,fetched_gwei,86828575
baseline_20260624_215747,baseline,1,tx_send,VOTE,302.5,,
baseline_20260624_215747,baseline,1,ipfs_upload,GLOBAL,13119.0,,
baseline_20260624_215747,baseline,1,gas_estimate,GLOBAL,408.5,estimated_gas,251377
baseline_20260624_215747,baseline,1,gas_price_fetch,,204.4,fetched_gwei,75864560
baseline_20260624_215747,baseline,1,tx_send,GLOBAL,264.3,,
baseline_20260624_215747,baseline,1,tx_confirm,,72504.0,block_number,47765584
baseline_20260624_215747,baseline,1,tx_confirm,,70657.0,block_number,47765585
baseline_20260624_215747,baseline,1,tx_confirm,,352.0,block_number,47765620
baseline_20260624_215747,baseline,1,chain_verify,,408.0,valid,True
baseline_20260624_215747,baseline,1,round_overhead,,1439.0,,
baseline_20260624_215747,baseline,2,ipfs_upload,LOCAL,1741.0,,
baseline_20260624_215747,baseline,2,gas_estimate,LOCAL,613.8,estimated_gas,276261
baseline_20260624_215747,baseline,2,gas_price_fetch,,114.6,fetched_gwei,49002921
baseline_20260624_215747,baseline,2,tx_send,LOCAL,314.7,,
baseline_20260624_215747,baseline,2,ipfs_upload,VOTE,2547.0,,
baseline_20260624_215747,baseline,2,gas_estimate,VOTE,412.4,estimated_gas,269898
baseline_20260624_215747,baseline,2,gas_price_fetch,,102.5,fetched_gwei,49009510
baseline_20260624_215747,baseline,2,tx_send,VOTE,302.3,,
baseline_20260624_215747,baseline,2,ipfs_upload,GLOBAL,14855.0,,
baseline_20260624_215747,baseline,2,gas_estimate,GLOBAL,301.1,estimated_gas,251377
baseline_20260624_215747,baseline,2,gas_price_fetch,,103.5,fetched_gwei,54750657
baseline_20260624_215747,baseline,2,tx_send,GLOBAL,212.3,,
baseline_20260624_215747,baseline,2,tx_confirm,,78368.0,block_number,47765737
baseline_20260624_215747,baseline,2,tx_confirm,,74958.0,block_number,47765739
baseline_20260624_215747,baseline,2,tx_confirm,,402.0,block_number,47765776
baseline_20260624_215747,baseline,2,chain_verify,,513.0,valid,True
baseline_20260624_215747,baseline,2,round_overhead,,1224.0,,
baseline_20260624_215747,baseline,3,ipfs_upload,LOCAL,2053.0,,
baseline_20260624_215747,baseline,3,gas_estimate,LOCAL,410.5,estimated_gas,276231
baseline_20260624_215747,baseline,3,gas_price_fetch,,96.1,fetched_gwei,36332823
baseline_20260624_215747,baseline,3,tx_send,LOCAL,302.7,,
baseline_20260624_215747,baseline,3,ipfs_upload,VOTE,2460.0,,
baseline_20260624_215747,baseline,3,gas_estimate,VOTE,411.2,estimated_gas,270181
baseline_20260624_215747,baseline,3,gas_price_fetch,,104.9,fetched_gwei,35981422
baseline_20260624_215747,baseline,3,tx_send,VOTE,303.5,,
baseline_20260624_215747,baseline,3,ipfs_upload,GLOBAL,9553.0,,
baseline_20260624_215747,baseline,3,gas_estimate,GLOBAL,410.7,estimated_gas,251392
baseline_20260624_215747,baseline,3,gas_price_fetch,,105.8,fetched_gwei,32567897
baseline_20260624_215747,baseline,3,tx_send,GLOBAL,205.9,,
baseline_20260624_215747,baseline,3,tx_confirm,,71342.0,block_number,47765890
baseline_20260624_215747,baseline,3,tx_confirm,,67968.0,block_number,47765891
baseline_20260624_215747,baseline,3,tx_confirm,,403.0,block_number,47765925
baseline_20260624_215747,baseline,3,chain_verify,,411.0,valid,True
baseline_20260624_215747,baseline,3,round_overhead,,1329.0,,
baseline_20260624_215747,baseline,4,ipfs_upload,LOCAL,2201.0,,
baseline_20260624_215747,baseline,4,gas_estimate,LOCAL,411.4,estimated_gas,276186
baseline_20260624_215747,baseline,4,gas_price_fetch,,108.1,fetched_gwei,28872650
baseline_20260624_215747,baseline,4,tx_send,LOCAL,405.0,,
baseline_20260624_215747,baseline,4,ipfs_upload,VOTE,2253.0,,
baseline_20260624_215747,baseline,4,gas_estimate,VOTE,409.1,estimated_gas,269913
baseline_20260624_215747,baseline,4,gas_price_fetch,,103.2,fetched_gwei,29027466
baseline_20260624_215747,baseline,4,tx_send,VOTE,283.6,,
baseline_20260624_215747,baseline,4,ipfs_upload,GLOBAL,14792.0,,
baseline_20260624_215747,baseline,4,gas_estimate,GLOBAL,409.7,estimated_gas,251392
baseline_20260624_215747,baseline,4,gas_price_fetch,,204.8,fetched_gwei,28400826
baseline_20260624_215747,baseline,4,tx_send,GLOBAL,220.9,,
baseline_20260624_215747,baseline,4,tx_confirm,,73331.0,block_number,47766040
baseline_20260624_215747,baseline,4,tx_confirm,,70259.0,block_number,47766042
baseline_20260624_215747,baseline,4,tx_confirm,,1428.0,block_number,47766077
baseline_20260624_215747,baseline,4,chain_verify,,512.0,valid,True
baseline_20260624_215747,baseline,4,round_overhead,,2561.0,,
baseline_20260624_215747,baseline,5,ipfs_upload,LOCAL,3669.0,,
baseline_20260624_215747,baseline,5,gas_estimate,LOCAL,450.3,estimated_gas,276276
baseline_20260624_215747,baseline,5,gas_price_fetch,,103.6,fetched_gwei,236807012
baseline_20260624_215747,baseline,5,tx_send,LOCAL,301.9,,
baseline_20260624_215747,baseline,5,ipfs_upload,VOTE,883.0,,
baseline_20260624_215747,baseline,5,gas_estimate,VOTE,448.3,estimated_gas,269913
baseline_20260624_215747,baseline,5,gas_price_fetch,,104.8,fetched_gwei,237230458
baseline_20260624_215747,baseline,5,tx_send,VOTE,302.3,,
baseline_20260624_215747,baseline,5,ipfs_upload,GLOBAL,8212.0,,
baseline_20260624_215747,baseline,5,gas_estimate,GLOBAL,494.9,estimated_gas,251361
baseline_20260624_215747,baseline,5,gas_price_fetch,,124.1,fetched_gwei,301215675
baseline_20260624_215747,baseline,5,tx_send,GLOBAL,302.9,,
baseline_20260624_215747,baseline,5,tx_confirm,,67789.0,block_number,47766193
baseline_20260624_215747,baseline,5,tx_confirm,,281500.0,block_number,47766335
baseline_20260624_225729,baseline,0,ipfs_upload,GLOBAL,6793.0,,
baseline_20260624_225729,baseline,0,gas_estimate,GLOBAL,410.3,estimated_gas,226273
baseline_20260624_225729,baseline,0,gas_price_fetch,,204.4,fetched_gwei,141737593
baseline_20260624_225729,baseline,0,tx_send,GLOBAL,203.8,,
baseline_20260624_225729,baseline,0,tx_confirm,,1225.0,block_number,47767257
baseline_20260624_225729,baseline,0,chain_verify,,512.0,valid,True
baseline_20260624_225729,baseline,0,round_overhead,,2456.0,,
baseline_20260624_225729,baseline,1,ipfs_upload,LOCAL,3132.0,,
baseline_20260624_225729,baseline,1,gas_estimate,LOCAL,512.1,estimated_gas,276246
baseline_20260624_225729,baseline,1,gas_price_fetch,,204.2,fetched_gwei,74479093
baseline_20260624_225729,baseline,1,tx_send,LOCAL,302.4,,
baseline_20260624_225729,baseline,1,ipfs_upload,VOTE,1025.0,,
baseline_20260624_225729,baseline,1,gas_estimate,VOTE,408.7,estimated_gas,269883
baseline_20260624_225729,baseline,1,gas_price_fetch,,102.3,fetched_gwei,73986217
baseline_20260624_225729,baseline,1,tx_send,VOTE,223.2,,
baseline_20260624_225729,baseline,1,ipfs_upload,GLOBAL,7949.0,,
baseline_20260624_225729,baseline,1,gas_estimate,GLOBAL,512.2,estimated_gas,251377
baseline_20260624_225729,baseline,1,gas_price_fetch,,204.2,fetched_gwei,63688607
baseline_20260624_225729,baseline,1,tx_send,GLOBAL,207.0,,
baseline_20260624_225729,baseline,1,tx_confirm,,71477.0,block_number,47767374
baseline_20260624_225729,baseline,1,tx_confirm,,69719.0,block_number,47767375
baseline_20260624_225729,baseline,1,tx_confirm,,1527.0,block_number,47767410
baseline_20260624_225729,baseline,1,chain_verify,,512.0,valid,True
baseline_20260624_225729,baseline,1,round_overhead,,2561.0,,
baseline_20260624_225729,baseline,2,ipfs_upload,LOCAL,2313.0,,
baseline_20260624_225729,baseline,2,gas_estimate,LOCAL,405.2,estimated_gas,276216
baseline_20260624_225729,baseline,2,gas_price_fetch,,208.4,fetched_gwei,35841727
baseline_20260624_225729,baseline,2,tx_send,LOCAL,302.7,,
baseline_20260624_225729,baseline,2,ipfs_upload,VOTE,925.0,,
baseline_20260624_225729,baseline,2,gas_estimate,VOTE,376.8,estimated_gas,269853
baseline_20260624_225729,baseline,2,gas_price_fetch,,131.6,fetched_gwei,35667130
baseline_20260624_225729,baseline,2,tx_send,VOTE,304.4,,
baseline_20260624_225729,baseline,2,ipfs_upload,GLOBAL,17855.0,,
baseline_20260624_225729,baseline,2,gas_estimate,GLOBAL,307.6,estimated_gas,251377
baseline_20260624_225729,baseline,2,gas_price_fetch,,101.7,fetched_gwei,30347518
baseline_20260624_225729,baseline,2,tx_send,GLOBAL,302.1,,
baseline_20260624_225729,baseline,2,tx_confirm,,73013.0,block_number,47767524
baseline_20260624_225729,baseline,2,tx_confirm,,71272.0,block_number,47767525
baseline_20260624_225729,baseline,2,tx_confirm,,410.0,block_number,47767560
baseline_20260624_225729,baseline,2,chain_verify,,409.0,valid,True
baseline_20260624_225729,baseline,2,round_overhead,,1332.0,,
baseline_20260624_225729,baseline,3,ipfs_upload,LOCAL,3620.0,,
baseline_20260624_225729,baseline,3,gas_estimate,LOCAL,616.8,estimated_gas,276216
baseline_20260624_225729,baseline,3,gas_price_fetch,,100.0,fetched_gwei,18011655
baseline_20260624_225729,baseline,3,tx_send,LOCAL,243.0,,
baseline_20260624_225729,baseline,3,ipfs_upload,VOTE,2097.0,,
baseline_20260624_225729,baseline,3,gas_estimate,VOTE,409.7,estimated_gas,270332
baseline_20260624_225729,baseline,3,gas_price_fetch,,102.7,fetched_gwei,17949781
baseline_20260624_225729,baseline,3,tx_send,VOTE,247.1,,
baseline_20260624_225729,baseline,3,ipfs_upload,GLOBAL,15159.0,,
baseline_20260624_225729,baseline,3,gas_estimate,GLOBAL,360.6,estimated_gas,251361
baseline_20260624_225729,baseline,3,gas_price_fetch,,149.4,fetched_gwei,14427124
baseline_20260624_225729,baseline,3,tx_send,GLOBAL,213.5,,
baseline_20260624_225729,baseline,3,tx_confirm,,105831.0,block_number,47767682
baseline_20260624_225729,baseline,3,tx_confirm,,102915.0,block_number,47767683
baseline_20260624_225729,baseline,3,tx_confirm,,502.0,block_number,47767735
baseline_20260624_225729,baseline,3,chain_verify,,405.0,valid,True
baseline_20260624_225729,baseline,3,round_overhead,,1437.0,,
baseline_20260624_225729,baseline,4,ipfs_upload,LOCAL,3147.0,,
baseline_20260624_225729,baseline,4,gas_estimate,LOCAL,510.9,estimated_gas,276231
baseline_20260624_225729,baseline,4,gas_price_fetch,,204.2,fetched_gwei,9667673
baseline_20260624_225729,baseline,4,tx_send,LOCAL,224.8,,
baseline_20260624_225729,baseline,4,ipfs_upload,VOTE,1930.0,,
baseline_20260624_225729,baseline,4,gas_estimate,VOTE,320.9,estimated_gas,270196
baseline_20260624_225729,baseline,4,gas_price_fetch,,193.9,fetched_gwei,9624791
baseline_20260624_225729,baseline,4,tx_send,VOTE,301.7,,
baseline_20260624_225729,baseline,4,ipfs_upload,GLOBAL,68955.0,,
baseline_20260624_225729,baseline,4,gas_estimate,GLOBAL,518.5,estimated_gas,251377
baseline_20260624_225729,baseline,4,gas_price_fetch,,304.1,fetched_gwei,7696225
baseline_20260624_225729,baseline,4,tx_send,GLOBAL,207.6,,
baseline_20260624_225729,baseline,4,tx_confirm,,181958.0,block_number,47767853
baseline_20260624_225729,baseline,4,tx_confirm,,179206.0,block_number,47767855
baseline_20260624_225729,baseline,4,tx_confirm,,602.0,block_number,47767944
baseline_20260624_225729,baseline,4,chain_verify,,345.0,valid,True
baseline_20260624_225729,baseline,4,round_overhead,,1737.0,,
baseline_20260624_225729,baseline,5,ipfs_upload,LOCAL,2059.0,,
baseline_20260624_225729,baseline,5,gas_estimate,LOCAL,1331.9,estimated_gas,276231
baseline_20260624_225729,baseline,5,gas_price_fetch,,204.8,fetched_gwei,6000000
baseline_20260624_225729,baseline,5,tx_send,LOCAL,406.7,,
baseline_20260624_225729,baseline,5,ipfs_upload,VOTE,2149.0,,
baseline_20260624_225729,baseline,5,gas_estimate,VOTE,511.8,estimated_gas,270196
baseline_20260624_225729,baseline,5,gas_price_fetch,,205.3,fetched_gwei,6000000
baseline_20260624_225729,baseline,5,tx_send,VOTE,273.5,,
baseline_20260624_225729,baseline,5,ipfs_upload,GLOBAL,17421.0,,
baseline_20260624_225729,baseline,5,gas_estimate,GLOBAL,424.4,estimated_gas,251377
baseline_20260624_225729,baseline,5,gas_price_fetch,,140.1,fetched_gwei,6000000
baseline_20260624_225729,baseline,5,tx_send,GLOBAL,215.7,,
baseline_20260624_225729,baseline,5,tx_confirm,,128001.0,block_number,47768119
baseline_20260624_225729,baseline,5,tx_confirm,,124916.0,block_number,47768121
baseline_20260624_225729,baseline,5,tx_confirm,,470.0,block_number,47768183
baseline_20260624_225729,baseline,5,chain_verify,,440.0,valid,True
baseline_20260624_225729,baseline,5,round_overhead,,1407.0,,
baseline_20260624_225729,baseline,6,ipfs_upload,LOCAL,3661.0,,
baseline_20260624_225729,baseline,6,gas_estimate,LOCAL,404.4,estimated_gas,276216
baseline_20260624_225729,baseline,6,gas_price_fetch,,203.3,fetched_gwei,6000000
baseline_20260624_225729,baseline,6,tx_send,LOCAL,235.6,,
baseline_20260624_225729,baseline,6,ipfs_upload,VOTE,923.0,,
baseline_20260624_225729,baseline,6,gas_estimate,VOTE,410.1,estimated_gas,270196
baseline_20260624_225729,baseline,6,gas_price_fetch,,104.5,fetched_gwei,6000000
baseline_20260624_225729,baseline,6,tx_send,VOTE,302.5,,
baseline_20260624_225729,baseline,6,ipfs_upload,GLOBAL,14833.0,,
baseline_20260624_225729,baseline,6,gas_estimate,GLOBAL,307.2,estimated_gas,251346
baseline_20260624_225729,baseline,6,gas_price_fetch,,103.4,fetched_gwei,6000000
baseline_20260624_225729,baseline,6,tx_send,GLOBAL,209.1,,
baseline_20260624_225729,baseline,6,tx_confirm,,78133.0,block_number,47768300
baseline_20260624_225729,baseline,6,tx_confirm,,76309.0,block_number,47768301
baseline_20260624_225729,baseline,6,tx_confirm,,505.0,block_number,47768339
baseline_20260624_225729,baseline,6,chain_verify,,518.0,valid,True
baseline_20260624_225729,baseline,6,round_overhead,,1332.0,,
baseline_20260624_225729,baseline,7,ipfs_upload,LOCAL,3606.0,,
baseline_20260624_225729,baseline,7,gas_estimate,LOCAL,432.4,estimated_gas,276141
baseline_20260624_225729,baseline,7,gas_price_fetch,,198.8,fetched_gwei,6000000
baseline_20260624_225729,baseline,7,tx_send,LOCAL,304.6,,
baseline_20260624_225729,baseline,7,ipfs_upload,VOTE,1025.0,,
baseline_20260624_225729,baseline,7,gas_estimate,VOTE,316.1,estimated_gas,270272
baseline_20260624_225729,baseline,7,gas_price_fetch,,127.4,fetched_gwei,6000000
baseline_20260624_225729,baseline,7,tx_send,VOTE,230.7,,
baseline_20260624_225729,baseline,7,ipfs_upload,GLOBAL,36333.0,,
baseline_20260624_225729,baseline,7,gas_estimate,GLOBAL,490.5,estimated_gas,251377
baseline_20260624_225729,baseline,7,gas_price_fetch,,111.0,fetched_gwei,6000000
baseline_20260624_225729,baseline,7,tx_send,GLOBAL,302.7,,
baseline_20260624_225729,baseline,7,tx_confirm,,99229.0,block_number,47768454
baseline_20260624_225729,baseline,7,tx_confirm,,97457.0,block_number,47768455
baseline_20260624_225729,baseline,7,tx_confirm,,308.0,block_number,47768504
baseline_20260624_225729,baseline,7,chain_verify,,614.0,valid,True
baseline_20260624_225729,baseline,7,round_overhead,,1320.0,,
baseline_20260624_225729,baseline,8,ipfs_upload,LOCAL,3560.0,,
baseline_20260624_225729,baseline,8,gas_estimate,LOCAL,511.8,estimated_gas,276231
baseline_20260624_225729,baseline,8,gas_price_fetch,,186.5,fetched_gwei,6000000
baseline_20260624_225729,baseline,8,tx_send,LOCAL,301.0,,
baseline_20260624_225729,baseline,8,ipfs_upload,VOTE,791.0,,
baseline_20260624_225729,baseline,8,gas_estimate,VOTE,337.2,estimated_gas,269868
baseline_20260624_225729,baseline,8,gas_price_fetch,,103.5,fetched_gwei,6000000
baseline_20260624_225729,baseline,8,tx_send,VOTE,246.7,,
baseline_20260624_225729,baseline,8,ipfs_upload,GLOBAL,13750.0,,
baseline_20260624_225729,baseline,8,gas_estimate,GLOBAL,409.6,estimated_gas,251392
baseline_20260624_225729,baseline,8,gas_price_fetch,,204.4,fetched_gwei,6000000
baseline_20260624_225729,baseline,8,tx_send,GLOBAL,205.2,,
baseline_20260624_225729,baseline,8,tx_confirm,,69941.0,block_number,47768627
baseline_20260624_225729,baseline,8,tx_confirm,,68561.0,block_number,47768628
baseline_20260624_225729,baseline,8,tx_confirm,,610.0,block_number,47768662
baseline_20260624_225729,baseline,8,chain_verify,,512.0,valid,True
baseline_20260624_225729,baseline,8,round_overhead,,1638.0,,
baseline_20260624_225729,baseline,9,ipfs_upload,LOCAL,3345.0,,
baseline_20260624_225729,baseline,9,gas_estimate,LOCAL,463.2,estimated_gas,276231
baseline_20260624_225729,baseline,9,gas_price_fetch,,164.7,fetched_gwei,6000000
baseline_20260624_225729,baseline,9,tx_send,LOCAL,342.8,,
baseline_20260624_225729,baseline,9,ipfs_upload,VOTE,2216.0,,
baseline_20260624_225729,baseline,9,gas_estimate,VOTE,348.8,estimated_gas,270181
baseline_20260624_225729,baseline,9,gas_price_fetch,,199.4,fetched_gwei,6000000
baseline_20260624_225729,baseline,9,tx_send,VOTE,303.1,,
baseline_20260624_225729,baseline,9,ipfs_upload,GLOBAL,30537.0,,
baseline_20260624_225729,baseline,9,gas_estimate,GLOBAL,480.8,estimated_gas,251377
baseline_20260624_225729,baseline,9,gas_price_fetch,,206.0,fetched_gwei,6000000
baseline_20260624_225729,baseline,9,tx_send,GLOBAL,213.6,,
baseline_20260624_225729,baseline,9,tx_confirm,,102317.0,block_number,47768777
baseline_20260624_225729,baseline,9,tx_confirm,,99248.0,block_number,47768778
baseline_20260624_225729,baseline,9,tx_confirm,,398.0,block_number,47768828
baseline_20260624_225729,baseline,9,chain_verify,,410.0,valid,True
baseline_20260624_225729,baseline,9,round_overhead,,1506.0,,
baseline_20260624_225729,baseline,10,ipfs_upload,LOCAL,3635.0,,
baseline_20260624_225729,baseline,10,gas_estimate,LOCAL,511.9,estimated_gas,276201
baseline_20260624_225729,baseline,10,gas_price_fetch,,108.5,fetched_gwei,6000000
baseline_20260624_225729,baseline,10,tx_send,LOCAL,303.4,,
baseline_20260624_225729,baseline,10,ipfs_upload,VOTE,2047.0,,
baseline_20260624_225729,baseline,10,gas_estimate,VOTE,369.1,estimated_gas,270166
baseline_20260624_225729,baseline,10,gas_price_fetch,,143.1,fetched_gwei,6000000
baseline_20260624_225729,baseline,10,tx_send,VOTE,302.3,,
baseline_20260624_225729,baseline,10,ipfs_upload,GLOBAL,15154.0,,
baseline_20260624_225729,baseline,10,gas_estimate,GLOBAL,307.6,estimated_gas,251392
baseline_20260624_225729,baseline,10,gas_price_fetch,,203.9,fetched_gwei,6000000
baseline_20260624_225729,baseline,10,tx_send,GLOBAL,405.5,,
baseline_20260624_225729,baseline,10,tx_confirm,,72603.0,block_number,47768955
baseline_20260624_225729,baseline,10,tx_confirm,,69636.0,block_number,47768957
baseline_20260624_225729,baseline,10,tx_confirm,,513.0,block_number,47768991
baseline_20260624_225729,baseline,10,chain_verify,,424.0,valid,True
baseline_20260624_225729,baseline,10,round_overhead,,1639.0,,
baseline_20260624_225729,baseline,10,chain_verify,,314.0,valid,True
baseline_20260625_004741,baseline,0,ipfs_upload,GLOBAL,7942.0,,
baseline_20260625_004741,baseline,0,gas_estimate,GLOBAL,308.5,estimated_gas,226273
baseline_20260625_004741,baseline,0,gas_price_fetch,,115.6,fetched_gwei,6000000
baseline_20260625_004741,baseline,0,tx_send,GLOBAL,283.4,,
baseline_20260625_004741,baseline,0,tx_confirm,,1233.0,block_number,47770563
baseline_20260625_004741,baseline,0,chain_verify,,512.0,valid,True
baseline_20260625_004741,baseline,0,round_overhead,,2354.0,,
baseline_20260625_004741,baseline,1,ipfs_upload,LOCAL,3581.0,,
baseline_20260625_004741,baseline,1,gas_estimate,LOCAL,512.4,estimated_gas,276186
baseline_20260625_004741,baseline,1,gas_price_fetch,,154.1,fetched_gwei,6000000
baseline_20260625_004741,baseline,1,tx_send,LOCAL,303.2,,
baseline_20260625_004741,baseline,1,ipfs_upload,VOTE,2151.0,,
baseline_20260625_004741,baseline,1,gas_estimate,VOTE,409.7,estimated_gas,270166
baseline_20260625_004741,baseline,1,gas_price_fetch,,99.3,fetched_gwei,6000000
baseline_20260625_004741,baseline,1,tx_send,VOTE,303.8,,
baseline_20260625_004741,baseline,1,ipfs_upload,GLOBAL,10037.0,,
baseline_20260625_004741,baseline,1,gas_estimate,GLOBAL,407.3,estimated_gas,251377
baseline_20260625_004741,baseline,1,gas_price_fetch,,113.9,fetched_gwei,6000000
baseline_20260625_004741,baseline,1,tx_send,GLOBAL,254.3,,
baseline_20260625_004741,baseline,1,tx_confirm,,66658.0,block_number,47770678
baseline_20260625_004741,baseline,1,tx_confirm,,63692.0,block_number,47770680
baseline_20260625_004741,baseline,1,tx_confirm,,562.0,block_number,47770711
baseline_20260625_004741,baseline,1,chain_verify,,409.0,valid,True
baseline_20260625_004741,baseline,1,round_overhead,,1535.0,,
baseline_20260625_004741,baseline,2,ipfs_upload,LOCAL,3550.0,,
baseline_20260625_004741,baseline,2,gas_estimate,LOCAL,510.6,estimated_gas,276246
baseline_20260625_004741,baseline,2,gas_price_fetch,,102.1,fetched_gwei,6000000
baseline_20260625_004741,baseline,2,tx_send,LOCAL,303.1,,
baseline_20260625_004741,baseline,2,ipfs_upload,VOTE,2048.0,,
baseline_20260625_004741,baseline,2,gas_estimate,VOTE,409.0,estimated_gas,269868
baseline_20260625_004741,baseline,2,gas_price_fetch,,100.5,fetched_gwei,6000000
baseline_20260625_004741,baseline,2,tx_send,VOTE,308.6,,
baseline_20260625_004741,baseline,2,ipfs_upload,GLOBAL,18508.0,,
baseline_20260625_004741,baseline,2,gas_estimate,GLOBAL,307.1,estimated_gas,251361
baseline_20260625_004741,baseline,2,gas_price_fetch,,205.0,fetched_gwei,6000000
baseline_20260625_004741,baseline,2,tx_send,GLOBAL,227.1,,
baseline_20260625_004741,baseline,2,tx_confirm,,74651.0,block_number,47770826
baseline_20260625_004741,baseline,2,tx_confirm,,71886.0,block_number,47770828
baseline_20260625_004741,baseline,2,tx_confirm,,587.0,block_number,47770863
baseline_20260625_004741,baseline,2,chain_verify,,614.0,valid,True
baseline_20260625_004741,baseline,2,round_overhead,,1537.0,,
baseline_20260625_004741,baseline,3,ipfs_upload,LOCAL,3513.0,,
baseline_20260625_004741,baseline,3,gas_estimate,LOCAL,324.7,estimated_gas,276246
baseline_20260625_004741,baseline,3,gas_price_fetch,,103.2,fetched_gwei,33193243
baseline_20260625_004741,baseline,3,tx_send,LOCAL,301.2,,
baseline_20260625_004741,baseline,3,ipfs_upload,VOTE,2369.0,,
baseline_20260625_004741,baseline,3,gas_estimate,VOTE,399.8,estimated_gas,270181
baseline_20260625_004741,baseline,3,gas_price_fetch,,105.3,fetched_gwei,7647813
baseline_20260625_004741,baseline,3,tx_send,VOTE,310.7,,
baseline_20260625_004741,baseline,3,ipfs_upload,GLOBAL,27705.0,,
baseline_20260625_004741,baseline,3,gas_estimate,GLOBAL,511.7,estimated_gas,251377
baseline_20260625_004741,baseline,3,gas_price_fetch,,102.0,fetched_gwei,9813557
baseline_20260625_004741,baseline,3,tx_send,GLOBAL,287.3,,
baseline_20260625_004741,baseline,3,tx_confirm,,84687.0,block_number,47770979
baseline_20260625_004741,baseline,3,tx_confirm,,81504.0,block_number,47770981
baseline_20260625_004741,baseline,3,tx_confirm,,615.0,block_number,47771021
baseline_20260625_004741,baseline,3,chain_verify,,511.0,valid,True
baseline_20260625_004741,baseline,3,round_overhead,,1639.0,,
baseline_20260625_004741,baseline,4,ipfs_upload,LOCAL,3782.0,,
baseline_20260625_004741,baseline,4,gas_estimate,LOCAL,409.1,estimated_gas,276261
baseline_20260625_004741,baseline,4,gas_price_fetch,,104.2,fetched_gwei,9736371
baseline_20260625_004741,baseline,4,tx_send,LOCAL,224.1,,
baseline_20260625_004741,baseline,4,ipfs_upload,VOTE,1105.0,,
baseline_20260625_004741,baseline,4,gas_estimate,VOTE,387.1,estimated_gas,269913
baseline_20260625_004741,baseline,4,gas_price_fetch,,121.7,fetched_gwei,9715948
baseline_20260625_004741,baseline,4,tx_send,VOTE,301.0,,
baseline_20260625_004741,baseline,4,ipfs_upload,GLOBAL,19463.0,,
baseline_20260625_004741,baseline,4,gas_estimate,GLOBAL,414.7,estimated_gas,251361
baseline_20260625_004741,baseline,4,gas_price_fetch,,199.9,fetched_gwei,8826712
baseline_20260625_004741,baseline,4,tx_send,GLOBAL,217.4,,
baseline_20260625_004741,baseline,4,tx_confirm,,76984.0,block_number,47771136
baseline_20260625_004741,baseline,4,tx_confirm,,75065.0,block_number,47771137
baseline_20260625_004741,baseline,4,tx_confirm,,404.0,block_number,47771174
baseline_20260625_004741,baseline,4,chain_verify,,501.0,valid,True
baseline_20260625_004741,baseline,4,round_overhead,,1445.0,,
baseline_20260625_004741,baseline,5,ipfs_upload,LOCAL,2018.0,,
baseline_20260625_004741,baseline,5,gas_estimate,LOCAL,450.0,estimated_gas,276186
baseline_20260625_004741,baseline,5,gas_price_fetch,,140.8,fetched_gwei,6000000
baseline_20260625_004741,baseline,5,tx_send,LOCAL,226.2,,
baseline_20260625_004741,baseline,5,ipfs_upload,VOTE,795.0,,
baseline_20260625_004741,baseline,5,gas_estimate,VOTE,310.1,estimated_gas,270166
baseline_20260625_004741,baseline,5,gas_price_fetch,,200.4,fetched_gwei,6000000
baseline_20260625_004741,baseline,5,tx_send,VOTE,302.9,,
baseline_20260625_004741,baseline,5,ipfs_upload,GLOBAL,5676.0,,
baseline_20260625_004741,baseline,5,gas_estimate,GLOBAL,511.7,estimated_gas,251377
baseline_20260625_004741,baseline,5,gas_price_fetch,,204.5,fetched_gwei,6000000
baseline_20260625_004741,baseline,5,tx_send,GLOBAL,299.9,,
baseline_20260625_004741,baseline,5,tx_confirm,,60391.0,block_number,47771287
baseline_20260625_004741,baseline,5,tx_confirm,,58779.0,block_number,47771288
baseline_20260625_004741,baseline,5,tx_confirm,,515.0,block_number,47771317
baseline_20260625_004741,baseline,5,chain_verify,,512.0,valid,True
baseline_20260625_004741,baseline,5,round_overhead,,1638.0,,
baseline_20260625_004741,baseline,6,ipfs_upload,LOCAL,2271.0,,
baseline_20260625_004741,baseline,6,gas_estimate,LOCAL,484.5,estimated_gas,276186
baseline_20260625_004741,baseline,6,gas_price_fetch,,129.5,fetched_gwei,6000000
baseline_20260625_004741,baseline,6,tx_send,LOCAL,302.1,,
baseline_20260625_004741,baseline,6,ipfs_upload,VOTE,2458.0,,
baseline_20260625_004741,baseline,6,gas_estimate,VOTE,308.6,estimated_gas,270136
baseline_20260625_004741,baseline,6,gas_price_fetch,,201.8,fetched_gwei,6000000
baseline_20260625_004741,baseline,6,tx_send,VOTE,301.3,,
baseline_20260625_004741,baseline,6,ipfs_upload,GLOBAL,10896.0,,
baseline_20260625_004741,baseline,6,gas_estimate,GLOBAL,408.4,estimated_gas,251377
baseline_20260625_004741,baseline,6,gas_price_fetch,,103.9,fetched_gwei,6000000
baseline_20260625_004741,baseline,6,tx_send,GLOBAL,209.7,,
baseline_20260625_004741,baseline,6,tx_confirm,,71875.0,block_number,47771431
baseline_20260625_004741,baseline,6,tx_confirm,,68709.0,block_number,47771433
baseline_20260625_004741,baseline,6,tx_confirm,,502.0,block_number,47771467
baseline_20260625_004741,baseline,6,chain_verify,,569.0,valid,True
baseline_20260625_004741,baseline,6,round_overhead,,1329.0,,
baseline_20260625_004741,baseline,7,ipfs_upload,LOCAL,2228.0,,
baseline_20260625_004741,baseline,7,gas_estimate,LOCAL,509.9,estimated_gas,276276
baseline_20260625_004741,baseline,7,gas_price_fetch,,102.6,fetched_gwei,6000000
baseline_20260625_004741,baseline,7,tx_send,LOCAL,302.5,,
baseline_20260625_004741,baseline,7,ipfs_upload,VOTE,821.0,,
baseline_20260625_004741,baseline,7,gas_estimate,VOTE,511.4,estimated_gas,270377
baseline_20260625_004741,baseline,7,gas_price_fetch,,105.3,fetched_gwei,6000000
baseline_20260625_004741,baseline,7,tx_send,VOTE,220.6,,
baseline_20260625_004741,baseline,7,ipfs_upload,GLOBAL,30822.0,,
baseline_20260625_004741,baseline,7,gas_estimate,GLOBAL,410.1,estimated_gas,251361
baseline_20260625_004741,baseline,7,gas_price_fetch,,204.1,fetched_gwei,6000000
baseline_20260625_004741,baseline,7,tx_send,GLOBAL,304.0,,
baseline_20260625_004741,baseline,7,tx_confirm,,85100.0,block_number,47771580
baseline_20260625_004741,baseline,7,tx_confirm,,83354.0,block_number,47771581
baseline_20260625_004741,baseline,7,tx_confirm,,409.0,block_number,47771623
baseline_20260625_004741,baseline,7,chain_verify,,324.0,valid,True
baseline_20260625_004741,baseline,7,round_overhead,,1431.0,,
baseline_20260625_004741,baseline,8,ipfs_upload,LOCAL,3294.0,,
baseline_20260625_004741,baseline,8,gas_estimate,LOCAL,491.6,estimated_gas,276261
baseline_20260625_004741,baseline,8,gas_price_fetch,,105.2,fetched_gwei,6000000
baseline_20260625_004741,baseline,8,tx_send,LOCAL,302.5,,
baseline_20260625_004741,baseline,8,ipfs_upload,VOTE,2048.0,,
baseline_20260625_004741,baseline,8,gas_estimate,VOTE,409.5,estimated_gas,270211
baseline_20260625_004741,baseline,8,gas_price_fetch,,204.5,fetched_gwei,6000000
baseline_20260625_004741,baseline,8,tx_send,VOTE,303.0,,
baseline_20260625_004741,baseline,8,ipfs_upload,GLOBAL,6247.0,,
baseline_20260625_004741,baseline,8,gas_estimate,GLOBAL,410.0,estimated_gas,251377
baseline_20260625_004741,baseline,8,gas_price_fetch,,204.1,fetched_gwei,6000000
baseline_20260625_004741,baseline,8,tx_send,GLOBAL,208.4,,
baseline_20260625_004741,baseline,8,tx_confirm,,62464.0,block_number,47771738
baseline_20260625_004741,baseline,8,tx_confirm,,59502.0,block_number,47771739
baseline_20260625_004741,baseline,8,tx_confirm,,407.0,block_number,47771769
baseline_20260625_004741,baseline,8,chain_verify,,507.0,valid,True
baseline_20260625_004741,baseline,8,round_overhead,,1439.0,,
baseline_20260625_004741,baseline,9,ipfs_upload,LOCAL,3307.0,,
baseline_20260625_004741,baseline,9,gas_estimate,LOCAL,615.0,estimated_gas,276216
baseline_20260625_004741,baseline,9,gas_price_fetch,,100.8,fetched_gwei,6000000
baseline_20260625_004741,baseline,9,tx_send,LOCAL,303.1,,
baseline_20260625_004741,baseline,9,ipfs_upload,VOTE,921.0,,
baseline_20260625_004741,baseline,9,gas_estimate,VOTE,403.6,estimated_gas,269868
baseline_20260625_004741,baseline,9,gas_price_fetch,,205.0,fetched_gwei,6000000
baseline_20260625_004741,baseline,9,tx_send,VOTE,301.2,,
baseline_20260625_004741,baseline,9,ipfs_upload,GLOBAL,10416.0,,
baseline_20260625_004741,baseline,9,gas_estimate,GLOBAL,513.0,estimated_gas,251392
baseline_20260625_004741,baseline,9,gas_price_fetch,,106.0,fetched_gwei,6000000
baseline_20260625_004741,baseline,9,tx_send,GLOBAL,206.2,,
baseline_20260625_004741,baseline,9,tx_confirm,,67891.0,block_number,47771884
baseline_20260625_004741,baseline,9,tx_confirm,,66048.0,block_number,47771885
baseline_20260625_004741,baseline,9,tx_confirm,,401.0,block_number,47771918
baseline_20260625_004741,baseline,9,chain_verify,,316.0,valid,True
baseline_20260625_004741,baseline,9,round_overhead,,1331.0,,
baseline_20260625_004741,baseline,10,ipfs_upload,LOCAL,3675.0,,
baseline_20260625_004741,baseline,10,gas_estimate,LOCAL,511.3,estimated_gas,276307
baseline_20260625_004741,baseline,10,gas_price_fetch,,204.8,fetched_gwei,6000000
baseline_20260625_004741,baseline,10,tx_send,LOCAL,303.8,,
baseline_20260625_004741,baseline,10,ipfs_upload,VOTE,2254.0,,
baseline_20260625_004741,baseline,10,gas_estimate,VOTE,408.1,estimated_gas,270287
baseline_20260625_004741,baseline,10,gas_price_fetch,,204.5,fetched_gwei,6000000
baseline_20260625_004741,baseline,10,tx_send,VOTE,260.7,,
baseline_20260625_004741,baseline,10,ipfs_upload,GLOBAL,15584.0,,
baseline_20260625_004741,baseline,10,gas_estimate,GLOBAL,453.4,estimated_gas,251392
baseline_20260625_004741,baseline,10,gas_price_fetch,,144.3,fetched_gwei,6000000
baseline_20260625_004741,baseline,10,tx_send,GLOBAL,302.6,,
baseline_20260625_004741,baseline,10,tx_confirm,,71986.0,block_number,47772032
baseline_20260625_004741,baseline,10,tx_confirm,,68853.0,block_number,47772034
baseline_20260625_004741,baseline,10,tx_confirm,,410.0,block_number,47772068
baseline_20260625_004741,baseline,10,chain_verify,,409.0,valid,True
baseline_20260625_004741,baseline,10,round_overhead,,1521.0,,
baseline_20260625_004741,baseline,10,chain_verify,,426.0,valid,True
baseline_20260625_022759,baseline,0,ipfs_upload,GLOBAL,5904.0,,
baseline_20260625_022759,baseline,0,gas_estimate,GLOBAL,513.9,estimated_gas,226273
baseline_20260625_022759,baseline,0,gas_price_fetch,,120.2,fetched_gwei,6000000
baseline_20260625_022759,baseline,0,tx_send,GLOBAL,302.4,,
baseline_20260625_022759,baseline,0,tx_confirm,,193.0,block_number,47773572
baseline_20260625_022759,baseline,0,chain_verify,,519.0,valid,True
baseline_20260625_022759,baseline,0,round_overhead,,1633.0,,
baseline_20260625_022759,baseline,1,ipfs_upload,LOCAL,3655.0,,
baseline_20260625_022759,baseline,1,gas_estimate,LOCAL,451.6,estimated_gas,276246
baseline_20260625_022759,baseline,1,gas_price_fetch,,163.2,fetched_gwei,6000000
baseline_20260625_022759,baseline,1,tx_send,LOCAL,302.1,,
baseline_20260625_022759,baseline,1,ipfs_upload,VOTE,2357.0,,
baseline_20260625_022759,baseline,1,gas_estimate,VOTE,443.7,estimated_gas,270211
baseline_20260625_022759,baseline,1,gas_price_fetch,,169.7,fetched_gwei,6000000
baseline_20260625_022759,baseline,1,tx_send,VOTE,286.4,,
baseline_20260625_022759,baseline,1,ipfs_upload,GLOBAL,7102.0,,
baseline_20260625_022759,baseline,1,gas_estimate,GLOBAL,422.5,estimated_gas,251361
baseline_20260625_022759,baseline,1,gas_price_fetch,,120.3,fetched_gwei,6000000
baseline_20260625_022759,baseline,1,tx_send,GLOBAL,345.6,,
baseline_20260625_022759,baseline,1,tx_confirm,,64020.0,block_number,47773687
baseline_20260625_022759,baseline,1,tx_confirm,,60829.0,block_number,47773689
baseline_20260625_022759,baseline,1,tx_confirm,,513.0,block_number,47773719
baseline_20260625_022759,baseline,1,chain_verify,,614.0,valid,True
baseline_20260625_022759,baseline,1,round_overhead,,1549.0,,
baseline_20260625_022759,baseline,2,ipfs_upload,LOCAL,3542.0,,
baseline_20260625_022759,baseline,2,gas_estimate,LOCAL,614.7,estimated_gas,276246
baseline_20260625_022759,baseline,2,gas_price_fetch,,155.9,fetched_gwei,6000000
baseline_20260625_022759,baseline,2,tx_send,LOCAL,254.1,,
baseline_20260625_022759,baseline,2,ipfs_upload,VOTE,662.0,,
baseline_20260625_022759,baseline,2,gas_estimate,VOTE,425.0,estimated_gas,270211
baseline_20260625_022759,baseline,2,gas_price_fetch,,190.7,fetched_gwei,6000000
baseline_20260625_022759,baseline,2,tx_send,VOTE,290.1,,
baseline_20260625_022759,baseline,2,ipfs_upload,GLOBAL,4278.0,,
baseline_20260625_022759,baseline,2,gas_estimate,GLOBAL,377.2,estimated_gas,251377
baseline_20260625_022759,baseline,2,gas_price_fetch,,292.0,fetched_gwei,6000000
baseline_20260625_022759,baseline,2,tx_send,GLOBAL,282.0,,
baseline_20260625_022759,baseline,2,tx_confirm,,62310.0,block_number,47773833
baseline_20260625_022759,baseline,2,tx_confirm,,60825.0,block_number,47773834
baseline_20260625_022759,baseline,2,tx_confirm,,597.0,block_number,47773864
baseline_20260625_022759,baseline,2,chain_verify,,535.0,valid,True
baseline_20260625_022759,baseline,2,round_overhead,,1675.0,,
baseline_20260625_022759,baseline,3,ipfs_upload,LOCAL,3534.0,,
baseline_20260625_022759,baseline,3,gas_estimate,LOCAL,546.4,estimated_gas,276216
baseline_20260625_022759,baseline,3,gas_price_fetch,,205.4,fetched_gwei,6000000
baseline_20260625_022759,baseline,3,tx_send,LOCAL,362.0,,
baseline_20260625_022759,baseline,3,ipfs_upload,VOTE,718.0,,
baseline_20260625_022759,baseline,3,gas_estimate,VOTE,693.2,estimated_gas,270226
baseline_20260625_022759,baseline,3,gas_price_fetch,,116.6,fetched_gwei,6000000
baseline_20260625_022759,baseline,3,tx_send,VOTE,297.1,,
baseline_20260625_022759,baseline,3,ipfs_upload,GLOBAL,16013.0,,
baseline_20260625_022759,baseline,3,gas_estimate,GLOBAL,527.5,estimated_gas,251392
baseline_20260625_022759,baseline,3,gas_price_fetch,,125.0,fetched_gwei,6000000
baseline_20260625_022759,baseline,3,tx_send,GLOBAL,304.2,,
baseline_20260625_022759,baseline,3,tx_confirm,,72297.0,block_number,47773981
baseline_20260625_022759,baseline,3,tx_confirm,,70556.0,block_number,47773982
baseline_20260625_022759,baseline,3,tx_confirm,,553.0,block_number,47774017
baseline_20260625_022759,baseline,3,chain_verify,,572.0,valid,True
baseline_20260625_022759,baseline,3,round_overhead,,1680.0,,
baseline_20260625_022759,baseline,4,ipfs_upload,LOCAL,2172.0,,
baseline_20260625_022759,baseline,4,gas_estimate,LOCAL,475.6,estimated_gas,276186
baseline_20260625_022759,baseline,4,gas_price_fetch,,161.8,fetched_gwei,6000000
baseline_20260625_022759,baseline,4,tx_send,LOCAL,297.7,,
baseline_20260625_022759,baseline,4,ipfs_upload,VOTE,921.0,,
baseline_20260625_022759,baseline,4,gas_estimate,VOTE,510.8,estimated_gas,269853
baseline_20260625_022759,baseline,4,gas_price_fetch,,117.7,fetched_gwei,6000000
baseline_20260625_022759,baseline,4,tx_send,VOTE,249.1,,
baseline_20260625_022759,baseline,4,ipfs_upload,GLOBAL,18106.0,,
baseline_20260625_022759,baseline,4,gas_estimate,GLOBAL,614.7,estimated_gas,251346
baseline_20260625_022759,baseline,4,gas_price_fetch,,125.7,fetched_gwei,6000000
baseline_20260625_022759,baseline,4,tx_send,GLOBAL,259.9,,
baseline_20260625_022759,baseline,4,tx_confirm,,76290.0,block_number,47774131
baseline_20260625_022759,baseline,4,tx_confirm,,74500.0,block_number,47774132
baseline_20260625_022759,baseline,4,tx_confirm,,615.0,block_number,47774169
baseline_20260625_022759,baseline,4,chain_verify,,511.0,valid,True
baseline_20260625_022759,baseline,4,round_overhead,,1742.0,,
baseline_20260625_022759,baseline,5,ipfs_upload,LOCAL,3599.0,,
baseline_20260625_022759,baseline,5,gas_estimate,LOCAL,512.3,estimated_gas,276186
baseline_20260625_022759,baseline,5,gas_price_fetch,,204.0,fetched_gwei,6000000
baseline_20260625_022759,baseline,5,tx_send,LOCAL,276.5,,
baseline_20260625_022759,baseline,5,ipfs_upload,VOTE,820.0,,
baseline_20260625_022759,baseline,5,gas_estimate,VOTE,628.8,estimated_gas,269868
baseline_20260625_022759,baseline,5,gas_price_fetch,,190.2,fetched_gwei,6000000
baseline_20260625_022759,baseline,5,tx_send,VOTE,304.6,,
baseline_20260625_022759,baseline,5,ipfs_upload,GLOBAL,10706.0,,
baseline_20260625_022759,baseline,5,gas_estimate,GLOBAL,427.2,estimated_gas,251377
baseline_20260625_022759,baseline,5,gas_price_fetch,,186.8,fetched_gwei,6000000
baseline_20260625_022759,baseline,5,tx_send,GLOBAL,302.6,,
baseline_20260625_022759,baseline,5,tx_confirm,,69633.0,block_number,47774287
baseline_20260625_022759,baseline,5,tx_confirm,,67685.0,block_number,47774288
baseline_20260625_022759,baseline,5,tx_confirm,,614.0,block_number,47774321
baseline_20260625_022759,baseline,5,chain_verify,,618.0,valid,True
baseline_20260625_022759,baseline,5,round_overhead,,1741.0,,
baseline_20260625_022759,baseline,6,ipfs_upload,LOCAL,3326.0,,
baseline_20260625_022759,baseline,6,gas_estimate,LOCAL,511.5,estimated_gas,276246
baseline_20260625_022759,baseline,6,gas_price_fetch,,204.7,fetched_gwei,6000000
baseline_20260625_022759,baseline,6,tx_send,LOCAL,303.3,,
baseline_20260625_022759,baseline,6,ipfs_upload,VOTE,2151.0,,
baseline_20260625_022759,baseline,6,gas_estimate,VOTE,614.0,estimated_gas,270317
baseline_20260625_022759,baseline,6,gas_price_fetch,,132.6,fetched_gwei,6000000
baseline_20260625_022759,baseline,6,tx_send,VOTE,303.0,,
baseline_20260625_022759,baseline,6,ipfs_upload,GLOBAL,11526.0,,
baseline_20260625_022759,baseline,6,gas_estimate,GLOBAL,527.9,estimated_gas,251392
baseline_20260625_022759,baseline,6,gas_price_fetch,,187.9,fetched_gwei,6000000
baseline_20260625_022759,baseline,6,tx_send,GLOBAL,265.3,,
baseline_20260625_022759,baseline,6,tx_confirm,,68614.0,block_number,47774435
baseline_20260625_022759,baseline,6,tx_confirm,,65438.0,block_number,47774437
baseline_20260625_022759,baseline,6,tx_confirm,,534.0,block_number,47774469
baseline_20260625_022759,baseline,6,chain_verify,,613.0,valid,True
baseline_20260625_022759,baseline,6,round_overhead,,1639.0,,
baseline_20260625_022759,baseline,7,ipfs_upload,LOCAL,3671.0,,
baseline_20260625_022759,baseline,7,gas_estimate,LOCAL,474.8,estimated_gas,276216
baseline_20260625_022759,baseline,7,gas_price_fetch,,189.0,fetched_gwei,6000000
baseline_20260625_022759,baseline,7,tx_send,LOCAL,303.1,,
baseline_20260625_022759,baseline,7,ipfs_upload,VOTE,2252.0,,
baseline_20260625_022759,baseline,7,gas_estimate,VOTE,513.6,estimated_gas,269868
baseline_20260625_022759,baseline,7,gas_price_fetch,,123.2,fetched_gwei,6000000
baseline_20260625_022759,baseline,7,tx_send,VOTE,303.1,,
baseline_20260625_022759,baseline,7,ipfs_upload,GLOBAL,13743.0,,
baseline_20260625_022759,baseline,7,gas_estimate,GLOBAL,495.3,estimated_gas,251377
baseline_20260625_022759,baseline,7,gas_price_fetch,,203.3,fetched_gwei,6000000
baseline_20260625_022759,baseline,7,tx_send,GLOBAL,280.7,,
baseline_20260625_022759,baseline,7,tx_confirm,,73424.0,block_number,47774585
baseline_20260625_022759,baseline,7,tx_confirm,,70164.0,block_number,47774586
baseline_20260625_022759,baseline,7,tx_confirm,,514.0,block_number,47774621
baseline_20260625_022759,baseline,7,chain_verify,,613.0,valid,True
baseline_20260625_022759,baseline,7,round_overhead,,1623.0,,
baseline_20260625_022759,baseline,8,ipfs_upload,LOCAL,3673.0,,
baseline_20260625_022759,baseline,8,gas_estimate,LOCAL,488.9,estimated_gas,276246
baseline_20260625_022759,baseline,8,gas_price_fetch,,117.9,fetched_gwei,6000000
baseline_20260625_022759,baseline,8,tx_send,LOCAL,301.1,,
baseline_20260625_022759,baseline,8,ipfs_upload,VOTE,2134.0,,
baseline_20260625_022759,baseline,8,gas_estimate,VOTE,425.8,estimated_gas,269913
baseline_20260625_022759,baseline,8,gas_price_fetch,,204.1,fetched_gwei,6000000
baseline_20260625_022759,baseline,8,tx_send,VOTE,247.1,,
baseline_20260625_022759,baseline,8,ipfs_upload,GLOBAL,5837.0,,
baseline_20260625_022759,baseline,8,gas_estimate,GLOBAL,353.7,estimated_gas,251377
baseline_20260625_022759,baseline,8,gas_price_fetch,,201.6,fetched_gwei,6000000
baseline_20260625_022759,baseline,8,tx_send,GLOBAL,244.8,,
baseline_20260625_022759,baseline,8,tx_confirm,,65340.0,block_number,47774736
baseline_20260625_022759,baseline,8,tx_confirm,,62317.0,block_number,47774738
baseline_20260625_022759,baseline,8,tx_confirm,,523.0,block_number,47774769
baseline_20260625_022759,baseline,8,chain_verify,,452.0,valid,True
baseline_20260625_022759,baseline,8,round_overhead,,1477.0,,
baseline_20260625_022759,baseline,9,ipfs_upload,LOCAL,1939.0,,
baseline_20260625_022759,baseline,9,gas_estimate,LOCAL,618.3,estimated_gas,276231
baseline_20260625_022759,baseline,9,gas_price_fetch,,121.1,fetched_gwei,6000000
baseline_20260625_022759,baseline,9,tx_send,LOCAL,252.9,,
baseline_20260625_022759,baseline,9,ipfs_upload,VOTE,1124.0,,
baseline_20260625_022759,baseline,9,gas_estimate,VOTE,513.1,estimated_gas,270226
baseline_20260625_022759,baseline,9,gas_price_fetch,,205.5,fetched_gwei,6000000
baseline_20260625_022759,baseline,9,tx_send,VOTE,303.1,,
baseline_20260625_022759,baseline,9,ipfs_upload,GLOBAL,7405.0,,
baseline_20260625_022759,baseline,9,gas_estimate,GLOBAL,511.7,estimated_gas,251377
baseline_20260625_022759,baseline,9,gas_price_fetch,,125.7,fetched_gwei,6000000
baseline_20260625_022759,baseline,9,tx_send,GLOBAL,366.4,,
baseline_20260625_022759,baseline,9,tx_confirm,,63488.0,block_number,47774881
baseline_20260625_022759,baseline,9,tx_confirm,,61340.0,block_number,47774882
baseline_20260625_022759,baseline,9,tx_confirm,,445.0,block_number,47774913
baseline_20260625_022759,baseline,9,chain_verify,,509.0,valid,True
baseline_20260625_022759,baseline,9,round_overhead,,1639.0,,
baseline_20260625_022759,baseline,10,ipfs_upload,LOCAL,3732.0,,
baseline_20260625_022759,baseline,10,gas_estimate,LOCAL,528.9,estimated_gas,276246
baseline_20260625_022759,baseline,10,gas_price_fetch,,144.1,fetched_gwei,6000000
baseline_20260625_022759,baseline,10,tx_send,LOCAL,303.6,,
baseline_20260625_022759,baseline,10,ipfs_upload,VOTE,5427.0,,
baseline_20260625_022759,baseline,10,gas_estimate,VOTE,425.3,estimated_gas,269898
baseline_20260625_022759,baseline,10,gas_price_fetch,,191.0,fetched_gwei,6000000
baseline_20260625_022759,baseline,10,tx_send,VOTE,287.5,,
baseline_20260625_022759,baseline,10,ipfs_upload,GLOBAL,9662.0,,
baseline_20260625_022759,baseline,10,gas_estimate,GLOBAL,422.6,estimated_gas,251392
baseline_20260625_022759,baseline,10,gas_price_fetch,,110.6,fetched_gwei,6000000
baseline_20260625_022759,baseline,10,tx_send,GLOBAL,302.0,,
baseline_20260625_022759,baseline,10,tx_confirm,,68408.0,block_number,47775028
baseline_20260625_022759,baseline,10,tx_confirm,,62098.0,block_number,47775031
baseline_20260625_022759,baseline,10,tx_confirm,,514.0,block_number,47775062
baseline_20260625_022759,baseline,10,chain_verify,,614.0,valid,True
baseline_20260625_022759,baseline,10,round_overhead,,1536.0,,
baseline_20260625_022759,baseline,10,chain_verify,,556.0,valid,True
baseline_20260625_040736,baseline,0,ipfs_upload,GLOBAL,9092.0,,
baseline_20260625_040736,baseline,0,gas_estimate,GLOBAL,511.2,estimated_gas,226320
baseline_20260625_040736,baseline,0,gas_price_fetch,,107.1,fetched_gwei,6000000
baseline_20260625_040736,baseline,0,tx_send,GLOBAL,301.3,,
baseline_20260625_040736,baseline,0,tx_confirm,,208.0,block_number,47776562
baseline_20260625_040736,baseline,0,chain_verify,,534.0,valid,True
baseline_20260625_040736,baseline,0,round_overhead,,1638.0,,
baseline_20260625_040736,baseline,1,ipfs_upload,LOCAL,1962.0,,
baseline_20260625_040736,baseline,1,gas_estimate,LOCAL,525.8,estimated_gas,276246
baseline_20260625_040736,baseline,1,gas_price_fetch,,139.7,fetched_gwei,6000000
baseline_20260625_041224,baseline,0,ipfs_upload,GLOBAL,8769.0,,
baseline_20260625_041224,baseline,0,gas_estimate,GLOBAL,407.4,estimated_gas,226350
baseline_20260625_041224,baseline,0,gas_price_fetch,,202.9,fetched_gwei,6000000
baseline_20260625_041326,baseline,0,ipfs_upload,GLOBAL,8051.0,,
baseline_20260625_041326,baseline,0,gas_estimate,GLOBAL,309.8,estimated_gas,226273
baseline_20260625_041326,baseline,0,gas_price_fetch,,120.0,fetched_gwei,6000000
baseline_20260625_041427,baseline,0,ipfs_upload,GLOBAL,11527.0,,
baseline_20260625_041427,baseline,0,gas_estimate,GLOBAL,470.6,estimated_gas,226305
baseline_20260625_041427,baseline,0,gas_price_fetch,,143.5,fetched_gwei,6000000
optimized_20260624_193237,optimized,0,gas_estimate,GLOBAL,351.5,estimated_gas,223497
optimized_20260624_193237,optimized,0,gas_price_fetch,,102.0,fetched_gwei,6000000
optimized_20260624_193237,optimized,0,tx_send,GLOBAL,205.3,,
optimized_20260624_193237,optimized,0,tx_confirm,,109.0,block_number,47761108
optimized_20260624_193237,optimized,0,round_overhead,,1108.0,,
optimized_20260624_193237,optimized,1,gas_estimate,LOCAL,362.3,estimated_gas,274956
optimized_20260624_193237,optimized,1,tx_send,LOCAL,221.7,,
optimized_20260624_193237,optimized,1,gas_estimate,VOTE,395.3,estimated_gas,268950
optimized_20260624_193237,optimized,1,tx_send,VOTE,222.2,,
optimized_20260624_193237,optimized,1,tx_send,GLOBAL,291.1,,
optimized_20260624_193237,optimized,1,tx_confirm,,53530.0,block_number,47761229
optimized_20260624_193237,optimized,1,tx_confirm,,52913.0,block_number,47761229
optimized_20260624_193237,optimized,1,tx_confirm,,297.0,block_number,47761255
optimized_20260624_193237,optimized,1,round_overhead,,692.0,,
optimized_20260624_193237,optimized,2,tx_send,LOCAL,302.6,,
optimized_20260624_193237,optimized,2,tx_send,VOTE,298.1,,
optimized_20260624_193237,optimized,2,tx_send,GLOBAL,196.8,,
optimized_20260624_193237,optimized,2,tx_confirm,,56221.0,block_number,47761369
optimized_20260624_193237,optimized,2,tx_confirm,,55913.0,block_number,47761369
optimized_20260624_193237,optimized,2,tx_confirm,,303.0,block_number,47761397
optimized_20260624_193237,optimized,2,round_overhead,,696.0,,
optimized_20260624_193237,optimized,3,tx_send,LOCAL,213.7,,
optimized_20260624_193237,optimized,3,tx_send,VOTE,303.3,,
optimized_20260624_193237,optimized,3,tx_send,GLOBAL,198.1,,
optimized_20260624_193237,optimized,3,tx_confirm,,55282.0,block_number,47761515
optimized_20260624_193237,optimized,3,tx_confirm,,54990.0,block_number,47761515
optimized_20260624_193237,optimized,3,tx_confirm,,314.0,block_number,47761543
optimized_20260624_193237,optimized,3,round_overhead,,621.0,,
optimized_20260624_193237,optimized,4,tx_send,LOCAL,218.7,,
optimized_20260624_193237,optimized,4,tx_send,VOTE,217.7,,
optimized_20260624_193237,optimized,4,tx_send,GLOBAL,203.6,,
optimized_20260624_193237,optimized,4,tx_confirm,,53968.0,block_number,47761672
optimized_20260624_193237,optimized,4,tx_confirm,,53645.0,block_number,47761673
optimized_20260624_193237,optimized,4,tx_confirm,,336.0,block_number,47761699
optimized_20260624_193237,optimized,4,round_overhead,,663.0,,
optimized_20260624_193237,optimized,5,tx_send,LOCAL,303.4,,
optimized_20260624_193237,optimized,5,tx_send,VOTE,286.0,,
optimized_20260624_193237,optimized,5,tx_send,GLOBAL,292.7,,
optimized_20260624_193237,optimized,5,tx_confirm,,57199.0,block_number,47761827
optimized_20260624_193237,optimized,5,tx_confirm,,56834.0,block_number,47761827
optimized_20260624_193237,optimized,5,tx_confirm,,348.0,block_number,47761856
optimized_20260624_193237,optimized,5,round_overhead,,733.0,,
optimized_20260624_193237,optimized,6,tx_send,LOCAL,202.9,,
optimized_20260624_193237,optimized,6,tx_send,VOTE,224.9,,
optimized_20260624_193237,optimized,6,tx_send,GLOBAL,195.0,,
optimized_20260624_193237,optimized,6,tx_confirm,,54716.0,block_number,47761972
optimized_20260624_193237,optimized,6,tx_confirm,,54373.0,block_number,47761972
optimized_20260624_193237,optimized,6,tx_confirm,,264.0,block_number,47761999
optimized_20260624_193237,optimized,6,round_overhead,,565.0,,
optimized_20260624_193237,optimized,7,tx_send,LOCAL,220.9,,
optimized_20260624_193237,optimized,7,tx_send,VOTE,204.6,,
optimized_20260624_193237,optimized,7,tx_send,GLOBAL,204.1,,
optimized_20260624_193237,optimized,7,tx_confirm,,53706.0,block_number,47762115
optimized_20260624_193237,optimized,7,tx_confirm,,53456.0,block_number,47762115
optimized_20260624_193237,optimized,7,tx_confirm,,341.0,block_number,47762142
optimized_20260624_193237,optimized,7,round_overhead,,650.0,,
optimized_20260624_193237,optimized,8,tx_send,LOCAL,304.2,,
optimized_20260624_193237,optimized,8,tx_send,VOTE,304.0,,
optimized_20260624_193237,optimized,8,tx_send,GLOBAL,243.4,,
optimized_20260624_193237,optimized,8,tx_confirm,,57413.0,block_number,47762257
optimized_20260624_193237,optimized,8,tx_confirm,,56999.0,block_number,47762257
optimized_20260624_193237,optimized,8,tx_confirm,,335.0,block_number,47762285
optimized_20260624_193237,optimized,8,round_overhead,,684.0,,
optimized_20260624_193237,optimized,9,tx_send,LOCAL,301.7,,
optimized_20260624_193237,optimized,9,tx_send,VOTE,298.1,,
optimized_20260624_193237,optimized,9,tx_send,GLOBAL,206.5,,
optimized_20260624_193237,optimized,9,tx_confirm,,54083.0,block_number,47762402
optimized_20260624_193237,optimized,9,tx_confirm,,53564.0,block_number,47762403
optimized_20260624_193237,optimized,9,tx_confirm,,282.0,block_number,47762429
optimized_20260624_193237,optimized,9,round_overhead,,593.0,,
optimized_20260624_193237,optimized,10,tx_send,LOCAL,302.5,,
optimized_20260624_193237,optimized,10,tx_send,VOTE,303.0,,
optimized_20260624_193237,optimized,10,tx_send,GLOBAL,264.1,,
optimized_20260624_193237,optimized,10,tx_confirm,,56324.0,block_number,47762544
optimized_20260624_193237,optimized,10,tx_confirm,,56115.0,block_number,47762544
optimized_20260624_193237,optimized,10,tx_confirm,,405.0,block_number,47762572
optimized_20260624_193237,optimized,10,round_overhead,,774.0,,
optimized_20260624_193237,optimized,10,chain_verify,,506.0,valid,True
optimized_20260624_211311,optimized,0,gas_estimate,GLOBAL,297.4,estimated_gas,223482
optimized_20260624_211311,optimized,0,gas_price_fetch,,113.7,fetched_gwei,6000000
optimized_20260624_211311,optimized,0,tx_send,GLOBAL,220.3,,
optimized_20260624_211311,optimized,0,tx_confirm,,1195.0,block_number,47764125
optimized_20260624_211311,optimized,0,round_overhead,,2226.0,,
optimized_20260624_211311,optimized,1,gas_estimate,LOCAL,317.9,estimated_gas,274986
optimized_20260624_211311,optimized,1,tx_send,LOCAL,290.1,,
optimized_20260624_211311,optimized,1,gas_estimate,VOTE,317.0,estimated_gas,268920
optimized_20260624_211311,optimized,1,tx_send,VOTE,292.1,,
optimized_20260624_211311,optimized,1,tx_send,GLOBAL,221.1,,
optimized_20260624_211311,optimized,1,tx_confirm,,54020.0,block_number,47764241
optimized_20260624_211311,optimized,1,tx_confirm,,53454.0,block_number,47764241
optimized_20260624_211311,optimized,1,tx_confirm,,359.0,block_number,47764268
optimized_20260624_211311,optimized,1,round_overhead,,690.0,,
optimized_20260624_211311,optimized,2,tx_send,LOCAL,236.9,,
optimized_20260624_211311,optimized,2,tx_send,VOTE,235.8,,
optimized_20260624_211311,optimized,2,tx_send,GLOBAL,211.9,,
optimized_20260624_211311,optimized,2,tx_confirm,,57734.0,block_number,47764385
optimized_20260624_211311,optimized,2,tx_confirm,,57545.0,block_number,47764385
optimized_20260624_211311,optimized,2,tx_confirm,,504.0,block_number,47764414
optimized_20260624_211311,optimized,2,round_overhead,,827.0,,
optimized_20260624_211311,optimized,3,tx_send,LOCAL,304.1,,
optimized_20260624_211311,optimized,3,tx_send,VOTE,310.2,,
optimized_20260624_211311,optimized,3,tx_send,GLOBAL,304.4,,
optimized_20260624_211311,optimized,3,tx_confirm,,55304.0,block_number,47764539
optimized_20260624_211311,optimized,3,tx_confirm,,54806.0,block_number,47764540
optimized_20260624_211311,optimized,3,tx_confirm,,410.0,block_number,47764567
optimized_20260624_211311,optimized,3,round_overhead,,827.0,,
optimized_20260624_211311,optimized,4,tx_send,LOCAL,298.8,,
optimized_20260624_211311,optimized,4,tx_send,VOTE,276.9,,
optimized_20260624_211311,optimized,4,tx_send,GLOBAL,205.8,,
optimized_20260624_211311,optimized,4,tx_confirm,,56751.0,block_number,47764682
optimized_20260624_211311,optimized,4,tx_confirm,,56466.0,block_number,47764682
optimized_20260624_211311,optimized,4,tx_confirm,,320.0,block_number,47764710
optimized_20260624_211311,optimized,4,round_overhead,,637.0,,
optimized_20260624_211311,optimized,5,tx_send,LOCAL,271.4,,
optimized_20260624_211311,optimized,5,tx_send,VOTE,229.1,,
optimized_20260624_211311,optimized,5,tx_send,GLOBAL,257.1,,
optimized_20260624_211311,optimized,5,tx_confirm,,54083.0,block_number,47764828
optimized_20260624_211311,optimized,5,tx_confirm,,53845.0,block_number,47764829
optimized_20260624_211311,optimized,5,tx_confirm,,318.0,block_number,47764855
optimized_20260624_211311,optimized,5,round_overhead,,685.0,,
optimized_20260624_211311,optimized,6,tx_send,LOCAL,226.3,,
optimized_20260624_211311,optimized,6,tx_send,VOTE,508.7,,
optimized_20260624_211311,optimized,6,tx_send,GLOBAL,229.0,,
optimized_20260624_211311,optimized,6,tx_confirm,,56910.0,block_number,47764979
optimized_20260624_211311,optimized,6,tx_confirm,,56325.0,block_number,47764979
optimized_20260624_211311,optimized,6,tx_confirm,,411.0,block_number,47765007
optimized_20260624_211311,optimized,6,round_overhead,,750.0,,
optimized_20260624_211311,optimized,7,tx_send,LOCAL,220.8,,
optimized_20260624_211311,optimized,7,tx_send,VOTE,214.3,,
optimized_20260624_211311,optimized,7,tx_send,GLOBAL,207.5,,
optimized_20260624_211311,optimized,7,tx_confirm,,56131.0,block_number,47765122
optimized_20260624_211311,optimized,7,tx_confirm,,55845.0,block_number,47765122
optimized_20260624_223718,optimized,0,gas_estimate,GLOBAL,308.0,estimated_gas,223482
optimized_20260624_223718,optimized,0,gas_price_fetch,,203.9,fetched_gwei,51558763
optimized_20260624_223718,optimized,0,tx_send,GLOBAL,206.8,,
optimized_20260624_223718,optimized,0,tx_confirm,,1211.0,block_number,47766648
optimized_20260624_223718,optimized,0,round_overhead,,2299.0,,
optimized_20260624_223718,optimized,1,gas_estimate,LOCAL,432.0,estimated_gas,274956
optimized_20260624_223718,optimized,1,tx_send,LOCAL,256.8,,
optimized_20260624_223718,optimized,1,gas_estimate,VOTE,348.7,estimated_gas,268950
optimized_20260624_223718,optimized,1,tx_send,VOTE,285.6,,
optimized_20260624_223718,optimized,1,tx_send,GLOBAL,208.3,,
optimized_20260624_223718,optimized,1,tx_confirm,,54310.0,block_number,47766763
optimized_20260624_223718,optimized,1,tx_confirm,,53667.0,block_number,47766763
optimized_20260624_223718,optimized,1,tx_confirm,,1430.0,block_number,47766790
optimized_20260624_223718,optimized,1,round_overhead,,1806.0,,
optimized_20260624_223718,optimized,2,tx_send,LOCAL,302.8,,
optimized_20260624_223718,optimized,2,tx_send,VOTE,271.6,,
optimized_20260624_223718,optimized,2,tx_send,GLOBAL,239.4,,
optimized_20260624_235552,optimized,0,gas_estimate,GLOBAL,418.7,estimated_gas,223452
optimized_20260624_235552,optimized,0,gas_price_fetch,,117.0,fetched_gwei,6000000
optimized_20260624_235552,optimized,0,tx_send,GLOBAL,210.3,,
optimized_20260624_235552,optimized,0,tx_confirm,,1212.0,block_number,47769006
optimized_20260624_235552,optimized,0,round_overhead,,2334.0,,
optimized_20260624_235552,optimized,1,gas_estimate,LOCAL,510.7,estimated_gas,274971
optimized_20260624_235552,optimized,1,tx_send,LOCAL,389.8,,
optimized_20260624_235552,optimized,1,gas_estimate,VOTE,474.5,estimated_gas,268905
optimized_20260624_235552,optimized,1,tx_send,VOTE,403.3,,
optimized_20260624_235552,optimized,1,tx_send,GLOBAL,211.3,,
optimized_20260624_235552,optimized,1,tx_confirm,,71190.0,block_number,47769131
optimized_20260624_235552,optimized,1,tx_confirm,,70280.0,block_number,47769132
optimized_20260624_235552,optimized,1,tx_confirm,,353.0,block_number,47769167
optimized_20260624_235552,optimized,1,round_overhead,,679.0,,
optimized_20260624_235552,optimized,2,tx_send,LOCAL,300.9,,
optimized_20260624_235552,optimized,2,tx_send,VOTE,276.7,,
optimized_20260624_235552,optimized,2,tx_send,GLOBAL,203.8,,
optimized_20260624_235552,optimized,2,tx_confirm,,61340.0,block_number,47769300
optimized_20260624_235552,optimized,2,tx_confirm,,61042.0,block_number,47769301
optimized_20260624_235552,optimized,2,tx_confirm,,321.0,block_number,47769331
optimized_20260624_235552,optimized,2,round_overhead,,641.0,,
optimized_20260624_235552,optimized,3,tx_send,LOCAL,304.4,,
optimized_20260624_235552,optimized,3,tx_send,VOTE,253.1,,
optimized_20260624_235552,optimized,3,tx_send,GLOBAL,221.2,,
optimized_20260624_235552,optimized,3,tx_confirm,,61267.0,block_number,47769459
optimized_20260624_235552,optimized,3,tx_confirm,,61020.0,block_number,47769460
optimized_20260624_235552,optimized,3,tx_confirm,,325.0,block_number,47769490
optimized_20260624_235552,optimized,3,round_overhead,,730.0,,
optimized_20260624_235552,optimized,4,tx_send,LOCAL,292.2,,
optimized_20260624_235552,optimized,4,tx_send,VOTE,295.5,,
optimized_20260624_235552,optimized,4,tx_send,GLOBAL,228.7,,
optimized_20260624_235552,optimized,4,tx_confirm,,55311.0,block_number,47769620
optimized_20260624_235552,optimized,4,tx_confirm,,55011.0,block_number,47769620
optimized_20260624_235552,optimized,4,tx_confirm,,1457.0,block_number,47769648
optimized_20260624_235552,optimized,4,round_overhead,,1791.0,,
optimized_20260624_235552,optimized,5,tx_send,LOCAL,405.9,,
optimized_20260624_235552,optimized,5,tx_send,VOTE,301.5,,
optimized_20260624_235552,optimized,5,tx_send,GLOBAL,217.5,,
optimized_20260624_235552,optimized,5,tx_confirm,,61049.0,block_number,47769772
optimized_20260624_235552,optimized,5,tx_confirm,,60649.0,block_number,47769773
optimized_20260624_235552,optimized,5,tx_confirm,,344.0,block_number,47769803
optimized_20260624_235552,optimized,5,round_overhead,,676.0,,
optimized_20260624_235552,optimized,6,tx_send,LOCAL,295.6,,
optimized_20260624_235552,optimized,6,tx_send,VOTE,305.4,,
optimized_20260624_235552,optimized,6,tx_send,GLOBAL,212.3,,
optimized_20260624_235552,optimized,6,tx_confirm,,54398.0,block_number,47769922
optimized_20260624_235552,optimized,6,tx_confirm,,54067.0,block_number,47769922
optimized_20260624_235552,optimized,6,tx_confirm,,409.0,block_number,47769949
optimized_20260624_235552,optimized,6,round_overhead,,799.0,,
optimized_20260624_235552,optimized,7,tx_send,LOCAL,303.5,,
optimized_20260624_235552,optimized,7,tx_send,VOTE,295.2,,
optimized_20260624_235552,optimized,7,tx_send,GLOBAL,211.8,,
optimized_20260624_235552,optimized,7,tx_confirm,,54029.0,block_number,47770071
optimized_20260624_235552,optimized,7,tx_confirm,,53754.0,block_number,47770072
optimized_20260624_235552,optimized,7,tx_confirm,,356.0,block_number,47770098
optimized_20260624_235552,optimized,7,round_overhead,,698.0,,
optimized_20260624_235552,optimized,8,tx_send,LOCAL,292.5,,
optimized_20260624_235552,optimized,8,tx_send,VOTE,299.4,,
optimized_20260624_235552,optimized,8,tx_send,GLOBAL,212.7,,
optimized_20260624_235552,optimized,8,tx_confirm,,53789.0,block_number,47770215
optimized_20260624_235552,optimized,8,tx_confirm,,53555.0,block_number,47770216
optimized_20260624_235552,optimized,8,tx_confirm,,402.0,block_number,47770242
optimized_20260624_235552,optimized,8,round_overhead,,730.0,,
optimized_20260624_235552,optimized,9,tx_send,LOCAL,301.2,,
optimized_20260624_235552,optimized,9,tx_send,VOTE,241.4,,
optimized_20260624_235552,optimized,9,tx_send,GLOBAL,214.6,,
optimized_20260624_235552,optimized,9,tx_confirm,,57981.0,block_number,47770369
optimized_20260624_235552,optimized,9,tx_confirm,,57640.0,block_number,47770369
optimized_20260624_235552,optimized,9,tx_confirm,,315.0,block_number,47770398
optimized_20260624_235552,optimized,9,round_overhead,,727.0,,
optimized_20260624_235552,optimized,10,tx_send,LOCAL,295.2,,
optimized_20260624_235552,optimized,10,tx_send,VOTE,226.9,,
optimized_20260624_235552,optimized,10,tx_send,GLOBAL,211.3,,
optimized_20260624_235552,optimized,10,tx_confirm,,54994.0,block_number,47770516
optimized_20260624_235552,optimized,10,tx_confirm,,54736.0,block_number,47770516
optimized_20260624_235552,optimized,10,tx_confirm,,397.0,block_number,47770543
optimized_20260624_235552,optimized,10,round_overhead,,725.0,,
optimized_20260624_235552,optimized,10,chain_verify,,606.0,valid,True
optimized_20260625_013826,optimized,0,gas_estimate,GLOBAL,409.9,estimated_gas,223542
optimized_20260625_013826,optimized,0,gas_price_fetch,,204.9,fetched_gwei,6000000
optimized_20260625_013826,optimized,0,tx_send,GLOBAL,292.2,,
optimized_20260625_013826,optimized,0,tx_confirm,,120.0,block_number,47772082
optimized_20260625_013826,optimized,0,round_overhead,,1406.0,,
optimized_20260625_013826,optimized,1,gas_estimate,LOCAL,611.5,estimated_gas,274926
optimized_20260625_013826,optimized,1,tx_send,LOCAL,300.9,,
optimized_20260625_013826,optimized,1,gas_estimate,VOTE,613.7,estimated_gas,268890
optimized_20260625_013826,optimized,1,tx_send,VOTE,237.8,,
optimized_20260625_013826,optimized,1,tx_send,GLOBAL,246.6,,
optimized_20260625_013826,optimized,1,tx_confirm,,52546.0,block_number,47772198
optimized_20260625_013826,optimized,1,tx_confirm,,51691.0,block_number,47772198
optimized_20260625_013826,optimized,1,tx_confirm,,341.0,block_number,47772224
optimized_20260625_013826,optimized,1,round_overhead,,714.0,,
optimized_20260625_013826,optimized,2,tx_send,LOCAL,303.5,,
optimized_20260625_013826,optimized,2,tx_send,VOTE,301.9,,
optimized_20260625_013826,optimized,2,tx_send,GLOBAL,227.0,,
optimized_20260625_013826,optimized,2,tx_confirm,,54304.0,block_number,47772340
optimized_20260625_013826,optimized,2,tx_confirm,,53968.0,block_number,47772340
optimized_20260625_013826,optimized,2,tx_confirm,,411.0,block_number,47772367
optimized_20260625_013826,optimized,2,round_overhead,,758.0,,
optimized_20260625_013826,optimized,3,tx_send,LOCAL,301.3,,
optimized_20260625_013826,optimized,3,tx_send,VOTE,276.7,,
optimized_20260625_013826,optimized,3,tx_send,GLOBAL,224.5,,
optimized_20260625_013826,optimized,3,tx_confirm,,53867.0,block_number,47772493
optimized_20260625_013826,optimized,3,tx_confirm,,53592.0,block_number,47772493
optimized_20260625_013826,optimized,3,tx_confirm,,379.0,block_number,47772520
optimized_20260625_013826,optimized,3,round_overhead,,730.0,,
optimized_20260625_013826,optimized,4,tx_send,LOCAL,286.3,,
optimized_20260625_013826,optimized,4,tx_send,VOTE,300.2,,
optimized_20260625_013826,optimized,4,tx_send,GLOBAL,224.5,,
optimized_20260625_013826,optimized,4,tx_confirm,,56280.0,block_number,47772638
optimized_20260625_013826,optimized,4,tx_confirm,,55916.0,block_number,47772638
optimized_20260625_013826,optimized,4,tx_confirm,,374.0,block_number,47772666
optimized_20260625_013826,optimized,4,round_overhead,,724.0,,
optimized_20260625_013826,optimized,5,tx_send,LOCAL,302.3,,
optimized_20260625_013826,optimized,5,tx_send,VOTE,293.8,,
optimized_20260625_013826,optimized,5,tx_send,GLOBAL,229.3,,
optimized_20260625_013826,optimized,5,tx_confirm,,55098.0,block_number,47772791
optimized_20260625_013826,optimized,5,tx_confirm,,54792.0,block_number,47772791
optimized_20260625_013826,optimized,5,tx_confirm,,401.0,block_number,47772819
optimized_20260625_013826,optimized,5,round_overhead,,748.0,,
optimized_20260625_013826,optimized,6,tx_send,LOCAL,260.7,,
optimized_20260625_013826,optimized,6,tx_send,VOTE,228.8,,
optimized_20260625_013826,optimized,6,tx_send,GLOBAL,278.8,,
optimized_20260625_013826,optimized,6,tx_confirm,,55128.0,block_number,47772933
optimized_20260625_013826,optimized,6,tx_confirm,,54894.0,block_number,47772933
optimized_20260625_013826,optimized,6,tx_confirm,,347.0,block_number,47772960
optimized_20260625_013826,optimized,6,round_overhead,,751.0,,
optimized_20260625_013826,optimized,7,tx_send,LOCAL,302.5,,
optimized_20260625_013826,optimized,7,tx_send,VOTE,303.8,,
optimized_20260625_013826,optimized,7,tx_send,GLOBAL,231.0,,
optimized_20260625_013826,optimized,7,tx_confirm,,53096.0,block_number,47773075
optimized_20260625_013826,optimized,7,tx_confirm,,52737.0,block_number,47773076
optimized_20260625_013826,optimized,7,tx_confirm,,384.0,block_number,47773102
optimized_20260625_013826,optimized,7,round_overhead,,741.0,,
optimized_20260625_013826,optimized,8,tx_send,LOCAL,257.4,,
optimized_20260625_013826,optimized,8,tx_send,VOTE,307.2,,
optimized_20260625_013826,optimized,8,tx_send,GLOBAL,231.7,,
optimized_20260625_013826,optimized,8,tx_confirm,,54356.0,block_number,47773229
optimized_20260625_013826,optimized,8,tx_confirm,,54010.0,block_number,47773229
optimized_20260625_013826,optimized,8,tx_confirm,,335.0,block_number,47773256
optimized_20260625_013826,optimized,8,round_overhead,,684.0,,
optimized_20260625_013826,optimized,9,tx_send,LOCAL,280.1,,
optimized_20260625_013826,optimized,9,tx_send,VOTE,256.8,,
optimized_20260625_013826,optimized,9,tx_send,GLOBAL,237.9,,
optimized_20260625_013826,optimized,9,tx_confirm,,54894.0,block_number,47773377
optimized_20260625_013826,optimized,9,tx_confirm,,54546.0,block_number,47773378
optimized_20260625_013826,optimized,9,tx_confirm,,427.0,block_number,47773405
optimized_20260625_013826,optimized,9,round_overhead,,781.0,,
optimized_20260625_013826,optimized,10,tx_send,LOCAL,281.8,,
optimized_20260625_013826,optimized,10,tx_send,VOTE,303.8,,
optimized_20260625_013826,optimized,10,tx_send,GLOBAL,235.9,,
optimized_20260625_013826,optimized,10,tx_confirm,,56551.0,block_number,47773521
optimized_20260625_013826,optimized,10,tx_confirm,,56241.0,block_number,47773522
optimized_20260625_013826,optimized,10,tx_confirm,,1532.0,block_number,47773550
optimized_20260625_013826,optimized,10,round_overhead,,1893.0,,
optimized_20260625_013826,optimized,10,chain_verify,,593.0,valid,True
optimized_20260625_031814,optimized,0,gas_estimate,GLOBAL,411.5,estimated_gas,223482
optimized_20260625_031814,optimized,0,gas_price_fetch,,203.5,fetched_gwei,6000000
optimized_20260625_031814,optimized,0,tx_send,GLOBAL,211.6,,
optimized_20260625_031814,optimized,0,tx_confirm,,110.0,block_number,47775076
optimized_20260625_031814,optimized,0,round_overhead,,1312.0,,
optimized_20260625_031814,optimized,1,gas_estimate,LOCAL,410.8,estimated_gas,274835
optimized_20260625_031814,optimized,1,tx_send,LOCAL,229.6,,
optimized_20260625_031814,optimized,1,gas_estimate,VOTE,379.9,estimated_gas,268517
optimized_20260625_031814,optimized,1,tx_send,VOTE,291.3,,
optimized_20260625_031814,optimized,1,tx_send,GLOBAL,236.7,,
optimized_20260625_031814,optimized,1,tx_confirm,,53533.0,block_number,47775205
optimized_20260625_031814,optimized,1,tx_confirm,,52856.0,block_number,47775205
optimized_20260625_031814,optimized,1,tx_confirm,,331.0,block_number,47775231
optimized_20260625_031814,optimized,1,round_overhead,,683.0,,
optimized_20260625_031814,optimized,2,tx_send,LOCAL,309.7,,
optimized_20260625_031814,optimized,2,tx_send,VOTE,215.3,,
optimized_20260625_031814,optimized,2,tx_send,GLOBAL,204.9,,
optimized_20260625_031814,optimized,2,tx_confirm,,57007.0,block_number,47775346
optimized_20260625_031814,optimized,2,tx_confirm,,56747.0,block_number,47775346
optimized_20260625_031814,optimized,2,tx_confirm,,310.0,block_number,47775374
optimized_20260625_031814,optimized,2,round_overhead,,630.0,,
optimized_20260625_031814,optimized,3,tx_send,LOCAL,243.4,,
optimized_20260625_031814,optimized,3,tx_send,VOTE,242.0,,
optimized_20260625_031814,optimized,3,tx_send,GLOBAL,224.8,,
optimized_20260625_031814,optimized,3,tx_confirm,,55872.0,block_number,47775491
optimized_20260625_031814,optimized,3,tx_confirm,,55618.0,block_number,47775491
optimized_20260625_031814,optimized,3,tx_confirm,,368.0,block_number,47775519
optimized_20260625_031814,optimized,3,round_overhead,,702.0,,
optimized_20260625_031814,optimized,4,tx_send,LOCAL,293.0,,
optimized_20260625_031814,optimized,4,tx_send,VOTE,240.6,,
optimized_20260625_031814,optimized,4,tx_send,GLOBAL,279.4,,
optimized_20260625_031814,optimized,4,tx_confirm,,56024.0,block_number,47775636
optimized_20260625_031814,optimized,4,tx_confirm,,55683.0,block_number,47775637
optimized_20260625_031814,optimized,4,tx_confirm,,331.0,block_number,47775664
optimized_20260625_031814,optimized,4,round_overhead,,722.0,,
optimized_20260625_031814,optimized,5,tx_send,LOCAL,301.5,,
optimized_20260625_031814,optimized,5,tx_send,VOTE,287.8,,
optimized_20260625_031814,optimized,5,tx_send,GLOBAL,263.8,,
optimized_20260625_031814,optimized,5,tx_confirm,,55098.0,block_number,47775782
optimized_20260625_031814,optimized,5,tx_confirm,,54791.0,block_number,47775782
optimized_20260625_031814,optimized,5,tx_confirm,,425.0,block_number,47775809
optimized_20260625_031814,optimized,5,round_overhead,,798.0,,
optimized_20260625_031814,optimized,6,tx_send,LOCAL,296.6,,
optimized_20260625_031814,optimized,6,tx_send,VOTE,228.3,,
optimized_20260625_031814,optimized,6,tx_send,GLOBAL,215.0,,
optimized_20260625_031814,optimized,6,tx_confirm,,55969.0,block_number,47775923
optimized_20260625_031814,optimized,6,tx_confirm,,55645.0,block_number,47775924
optimized_20260625_031814,optimized,6,tx_confirm,,340.0,block_number,47775951
optimized_20260625_031814,optimized,6,round_overhead,,669.0,,
optimized_20260625_031814,optimized,7,tx_send,LOCAL,259.5,,
optimized_20260625_031814,optimized,7,tx_send,VOTE,235.8,,
optimized_20260625_031814,optimized,7,tx_send,GLOBAL,459.4,,
optimized_20260625_031814,optimized,7,tx_confirm,,53201.0,block_number,47776078
optimized_20260625_031814,optimized,7,tx_confirm,,52928.0,block_number,47776078
optimized_20260625_031814,optimized,7,tx_confirm,,336.0,block_number,47776105
optimized_20260625_031814,optimized,7,round_overhead,,914.0,,
optimized_20260625_031814,optimized,8,tx_send,LOCAL,297.0,,
optimized_20260625_031814,optimized,8,tx_send,VOTE,232.4,,
optimized_20260625_031814,optimized,8,tx_send,GLOBAL,221.0,,
optimized_20260625_031814,optimized,8,tx_confirm,,54996.0,block_number,47776219
optimized_20260625_031814,optimized,8,tx_confirm,,54666.0,block_number,47776220
optimized_20260625_031814,optimized,8,tx_confirm,,329.0,block_number,47776247
optimized_20260625_031814,optimized,8,round_overhead,,654.0,,
optimized_20260625_031814,optimized,9,tx_send,LOCAL,302.4,,
optimized_20260625_031814,optimized,9,tx_send,VOTE,251.9,,
optimized_20260625_031814,optimized,9,tx_send,GLOBAL,209.5,,
optimized_20260625_031814,optimized,9,tx_confirm,,54482.0,block_number,47776369
optimized_20260625_031814,optimized,9,tx_confirm,,54102.0,block_number,47776370
optimized_20260625_031814,optimized,9,tx_confirm,,1453.0,block_number,47776397
optimized_20260625_031814,optimized,9,round_overhead,,1819.0,,
optimized_20260625_031814,optimized,10,tx_send,LOCAL,294.5,,
optimized_20260625_031814,optimized,10,tx_send,VOTE,514.9,,
optimized_20260625_031814,optimized,10,tx_send,GLOBAL,215.7,,
optimized_20260625_031814,optimized,10,tx_confirm,,53866.0,block_number,47776513
optimized_20260625_031814,optimized,10,tx_confirm,,53343.0,block_number,47776513
optimized_20260625_031814,optimized,10,tx_confirm,,347.0,block_number,47776540
optimized_20260625_031814,optimized,10,round_overhead,,674.0,,
optimized_20260625_031814,optimized,10,chain_verify,,598.0,valid,True
optimized_20260625_041158,optimized,0,gas_estimate,GLOBAL,307.3,estimated_gas,223497
optimized_20260625_041158,optimized,0,gas_price_fetch,,104.4,fetched_gwei,6000000
optimized_20260625_041259,optimized,0,gas_estimate,GLOBAL,432.9,estimated_gas,223512
optimized_20260625_041259,optimized,0,gas_price_fetch,,183.3,fetched_gwei,6000000
optimized_20260625_041400,optimized,0,gas_estimate,GLOBAL,420.3,estimated_gas,223482
optimized_20260625_041400,optimized,0,gas_price_fetch,,108.6,fetched_gwei,6000000
optimized_20260625_041505,optimized,0,gas_estimate,GLOBAL,368.2,estimated_gas,223497
optimized_20260625_041505,optimized,0,gas_price_fetch,,100.4,fetched_gwei,6000000
